gloss,age,role,Vqilai,qilai_shenme
吃 起来 什么 味道,45,adult,吃, 什么 味道
苹果 闻 起来 是 什么 感觉,42,adult,闻, 是 什么 感觉
忘记 了 没关系 你 觉 得 苹果 摸 起来 是 什么 感觉 呀,72,adult,摸, 是 什么 感觉 呀
吃 起来 呢,72,adult,吃, 呢
那 尝 起来 是 什么 味道 的,72,adult,尝, 是 什么 味道 的
苹果 闻 起来 是 什么 味道 的 呀,44,adult,闻, 是 什么 味道 的 呀
闻 起来,72,adult,闻,NA
吃 起来 是 什么 味道 的 呀,44,adult,吃, 是 什么 味道 的 呀
里面 的 果 肉 嗯 吃 起来 很 响,70,child,吃, 很 响
嗯 吃 起来 那,70,adult,吃, 那
吃 起来 那,70,adult,吃, 那
摸 起来 会 怎么样,45,adult,摸, 会 怎么样
摸 起来 是 光滑 的 还 是 不 光滑 的,45,adult,摸, 是 光滑 的 还 是 不 光滑 的
它 摸 起来 是 什么 感觉,72,adult,摸, 是 什么 感觉
然后 切 起来 有 沙 的,70,child,切, 有 沙 的
嗯 吃 起来 那,70,adult,吃, 那
吃 起来 呢,72,adult,吃, 呢
吃 起来 是 甜甜的,72,child,吃, 是 甜甜的
就 是 需要 运动 的 时候 就 拿 起来,72,child,拿,NA
吃 起来 有 点 像 沙子,70,child,吃, 有 点 像 沙子
苹果 吃 起来 怎么样,44,adult,吃, 怎么样
好吃 的 吃 起来 红,72,child,吃, 红
苹果 吃 起来 怎么样,48,adult,吃, 怎么样
吃 起来 甜甜 的 对 吗,72,adult,吃, 甜甜 的 对 吗
吃 起来 什么,72,adult,吃, 什么
吃 起来 红红 的,72,child,吃, 红红 的
吃 起来 红红 的 啊 味道 呢,72,adult,吃, 红红 的 啊 味道 呢
苹果 吃 起来 什么 味道,49,adult,吃, 什么 味道
那 它 闻 起来 怎么 样子 的 苹果,70,adult,闻, 怎么 样子 的 苹果
闻 起来 酸酸 的,70,child,闻, 酸酸 的
闻 起来 酸酸 的 啊 嗯 好,70,adult,闻, 酸酸 的 啊 嗯 好
那 摸 起来 的 感觉,70,adult,摸, 的 感觉
摸 起来 怎么样 啊,44,adult,摸, 怎么样 啊
吃 起来 怎么样,72,adult,吃, 怎么样
吃 起来 怎么样,72,adult,吃, 怎么样
摸 起来 那,70,adult,摸, 那
吃 起来 那,70,adult,吃, 那
吃 起来 更 好吃,70,child,吃, 更 好吃
然后 有 个 老师 给 他 扶 起来,72,child,扶,NA
拍 起来,50,adult,拍,NA
吃 起来 呢,72,adult,吃, 呢
吃 起来 甜甜 的,72,child,吃, 甜甜 的
然后 给 老师 看 到 了 然后 就 扶 起来,72,child,扶,NA
它 摸 起来 是 什么 感觉,70,adult,摸, 是 什么 感觉
那 它 闻 起来 什么 味道 苹果,70,adult,闻, 什么 味道 苹果
摸 起来,47,adult,摸,NA
吃 起来,47,adult,吃,NA
而且 呢 它 滚 起来 是 滑滑 的,72,child,滚, 是 滑滑 的
看 起来 圆圆 的,59,child,看, 圆圆 的
摸 起来 是 什么 感觉 的,47,adult,摸, 是 什么 感觉 的
闻 起来 香香 的,59,child,闻, 香香 的
吃 起来 有 水,59,child,吃, 有 水
摸 起来 是 冰 的,47,child,摸, 是 冰 的
吃 起来 呢,47,adult,吃, 呢
那 苹果 的 表面 摸 起来 是 什么 样子 的,70,adult,摸, 是 什么 样子 的
吃 起来 甜 的,47,child,吃, 甜 的
那 苹果 摸 起来,70,adult,摸,NA
摸 起来 摸 起来 你 感觉 是 什么 样子 的,70,adult,摸, 摸 起来 你 感觉 是 什么 样子 的
摸 起来 什么 感觉,70,adult,摸, 什么 感觉
吃 起来 有 点 酸,57,child,吃, 有 点 酸
它 摸 起来 是 不 是 滑滑 的 对 不 对,70,adult,摸, 是 不 是 滑滑 的 对 不 对
嗯 苹果 闻 起来,70,adult,闻,NA
苹果 摸 起来 是 什么 样子 的,70,adult,摸, 是 什么 样子 的
它 也 可以 拍 起来,59,child,拍,NA
吃 起来 甜甜 酸酸,72,child,吃, 甜甜 酸酸
用 手 拍 起来,59,child,拍,NA
吃 起来 甜甜 的,58,child,吃, 甜甜 的
摸 起来 滑滑 的,58,child,摸, 滑滑 的
然后 吃 起来 硬硬 的,72,child,吃, 硬硬 的
摸 起来 的 感觉,70,adult,摸, 的 感觉
吃 起来 是 酸酸 甜甜 的,60,child,吃, 是 酸酸 甜甜 的
它 里面 它 吃 起来 甜甜 的,72,child,吃, 甜甜 的
苹果 摸 起来 是 滑滑 的,58,child,摸, 是 滑滑 的
踢 起来 有 点 快,60,child,踢, 有 点 快
闻 起来 怎么样,72,adult,闻, 怎么样
吃 起来 甜甜 的,60,child,吃, 甜甜 的
吃 起来 呢,72,adult,吃, 呢
然后 它 摸 起来 是 硬硬 的,72,child,摸, 是 硬硬 的
吃 起来 怎么样,61,adult,吃, 怎么样
拍 起来 也 是 矮矮 的,72,child,拍, 也 是 矮矮 的
球 摸 起来 有 点 刺,60,child,摸, 有 点 刺
摸 起来 怎么样,61,adult,摸, 怎么样
吃 起来 什么 味道 啊,61,adult,吃, 什么 味道 啊
苹果 吃 起来 甜甜 的,60,child,吃, 甜甜 的
那 他 摸 起来 有 什么 感觉,72,adult,摸, 有 什么 感觉
吃 起来 呢,72,adult,吃, 呢
摸 起来 是 什么 感觉,70,adult,摸, 是 什么 感觉
闻 起来 呢,72,adult,闻, 呢
闻 起来 什么 样 呀,72,adult,闻, 什么 样 呀
闻 起来 香香 的,72,child,闻, 香香 的
然后 拍 起来 有 点 矮,72,child,拍, 有 点 矮
吃 起来 很 好 吃 甜甜 的,72,child,吃, 很 好 吃 甜甜 的
吃 起来 呢,72,adult,吃, 呢
那 摸 起来 呢,72,adult,摸, 呢
吃 起来 什么 味道,62,adult,吃, 什么 味道
摸 起来 冰冰凉凉 的,72,child,摸, 冰冰凉凉 的
闻 起来 酸酸甜甜 的 是 吧,72,adult,闻, 酸酸甜甜 的 是 吧
但 不过 那 个 拍 起来 不 行,72,child,拍, 不 行
那 你 觉 得 苹果 闻 起来 是 什么 样子 的,70,adult,闻, 是 什么 样子 的
它 吃 起来 甜甜 的 酸酸 的,61,child,吃, 甜甜 的 酸酸 的
闻 起来 香香 的,70,adult,闻, 香香 的
对 了 摸 起来 呢,61,adult,摸, 呢
摸 起来 是 什么 感觉,70,adult,摸, 是 什么 感觉
摸 起来 冰冰 的,61,child,摸, 冰冰 的
摸 过 吗 摸 起来,70,adult,摸,NA
摸 起来,70,adult,摸,NA
这 是 皮球 拍 起来 重重 的,72,child,拍, 重重 的
吃 起来 什么 都 很 爱 吃,61,child,吃, 什么 都 很 爱 吃
摸 起来 呢,62,adult,摸, 呢
那 还 有 没 有 其他 特点 摸 起来 是 什么 感觉 的 闻 起来 呢,62,adult,摸, 是 什么 感觉 的 闻 起来 呢
吃 起来 很 好吃 好,70,adult,吃, 很 好吃 好
没 闻 我 只 吃 起来 感觉 甜 的,62,child,吃, 感觉 甜 的
摸 起来 很 光滑,71,child,摸, 很 光滑
它 可以 拍 起来,61,child,拍,NA
那 苹果 吃 起来 是 什么 味道 的,70,adult,吃, 是 什么 味道 的
闻 起来 苹果 是 什么 味道,61,adult,闻, 苹果 是 什么 味道
苹果 皮 摸 起来 什么 感觉,61,adult,摸, 什么 感觉
摸 起来 什么 感觉,70,adult,摸, 什么 感觉
吃 起来 甜甜 的 酸酸 的,73,child,吃, 甜甜 的 酸酸 的
摸 起来 还 是 滑滑 的,73,child,摸, 还 是 滑滑 的
吃 起来 是 什么 样 的 呢,73,adult,吃, 是 什么 样 的 呢
要 用 力 拍 才 能 跳 起来,70,child,跳,NA
拍 起来 比较 弹,61,child,拍, 比较 弹
拍 起来 我 要 用 力 拍,70,child,拍, 我 要 用 力 拍
它 摸 起来 是 硬 梆梆 刺刺 的,73,child,摸, 是 硬 梆梆 刺刺 的
吃 起来 什么 感觉,70,adult,吃, 什么 感觉
吃 起来 甜甜 的,72,child,吃, 甜甜 的
但是 用 学 很 久 才 可以 拍 起来,73,adult,拍,NA
吃 起来 是 什么 感觉 呀,72,adult,吃, 是 什么 感觉 呀
嗯 那 它 摸 起来 是 什么 样子 的,72,adult,摸, 是 什么 样子 的
要 过 一 段 时间 才 能 拍 起来 是 吗,73,adult,拍, 是 吗
吃 起来 是 什么 颜色 的 呀,72,adult,吃, 是 什么 颜色 的 呀
甜甜 的 摸 起来 什么 感觉,72,adult,摸, 什么 感觉
吃 起来 甜甜 的 酸酸 的,72,child,吃, 甜甜 的 酸酸 的
嗯 摸 起来 摸 起来 怎么样,72,adult,摸, 摸 起来 怎么样
摸 起来 滑滑 的,72,child,摸, 滑滑 的
老师 这 小 羊 说 这 个 苹果 摸 起来 很 滑,73,child,摸, 很 滑
嗯 吃 起来 呢,72,adult,吃, 呢
还 有 吃 的 时候 香 的 闻 起来 很 香,69,child,闻, 很 香
吃 起来 是 脆脆 糯糯 的,72,child,吃, 是 脆脆 糯糯 的
是 闻 起来 很 香 还 有 吗,69,adult,闻, 很 香 还 有 吗
那 它 吃 起来 呢,73,adult,吃, 呢
里面 吃 起来 甜甜 的,72,child,吃, 甜甜 的
吃 起来 甜甜 的,73,child,吃, 甜甜 的
毛 糙糙 的 那 吃 起来 是 什么 感觉,72,adult,吃, 是 什么 感觉
嗯 那 苹果 它 摸 起来 怎么样,72,adult,摸, 怎么样
吃 起来 有 的 时候 脆脆 的 有 的 时候 糯糯 的,72,child,吃, 有 的 时候 脆脆 的 有 的 时候 糯糯 的
是 因为 有 些 苹果 它 吃 起来 非常 好吃,73,child,吃, 非常 好吃
哦 那 它 吃 起来 呢,72,adult,吃, 呢
有 些 苹果 它 吃 起来 不 好吃,73,child,吃, 不 好吃
吃 起来 嗯 咬 的 时候 有 点 酸酸 甜甜,72,child,吃, 嗯 咬 的 时候 有 点 酸酸 甜甜
皮球 拍 起来 嗯 如果 它 没 气 了,72,child,拍, 嗯 如果 它 没 气 了
比如 说 苹果 吃 起来 是 什么 味道 的 呀,72,adult,吃, 是 什么 味道 的 呀
那 除 了 皮 之外 它 尝 起来 味道 怎么样 啊 吃 起来 味道 是 什么 样 的,69,adult,尝, 味道 怎么样 啊 吃 起来 味道 是 什么 样 的
那 他 摸 起来 呢,72,adult,摸, 呢
那 闻 起来 呢,69,adult,闻, 呢
然后 呢 皮 闻 起来 很 香 吃 起来 很 脆 很 甜,69,child,闻, 很 香 吃 起来 很 脆 很 甜
看 起来 很 好 玩,69,child,看, 很 好 玩
嗯 吃 起来 怎样,58,adult,吃, 怎样
吃 起来 甜甜 的,58,child,吃, 甜甜 的
然后 吃 起来 有 点 水 咪咪 的 感觉,69,child,吃, 有 点 水 咪咪 的 感觉
嗯 他 要 充 很 多 气 才 能 拍 起来,72,child,拍,NA
苹果 表面 摸 起来,72,adult,摸,NA
他 要 充 很 多 气 才 能 拍 起来 嗯,72,adult,拍, 嗯
摸 起来 什么 感觉,72,adult,摸, 什么 感觉
摸 起来 我 有 时候 感觉 好 粗糙,72,child,摸, 我 有 时候 感觉 好 粗糙
红色 的 摸 起来 是 什么 感觉 摸 起来,72,adult,摸, 是 什么 感觉 摸 起来
吃 起来 很 甜,70,child,吃, 很 甜
吃 起来 甜甜 的,83,child,吃, 甜甜 的
那 苹果 吃 起来 是 什么 样子 的,72,adult,吃, 是 什么 样子 的
就 是 把 球 藏 起来,69,child,藏,NA
吃 起来 是,70,adult,吃, 是
吃 起来 甜甜 的 好,72,adult,吃, 甜甜 的 好
吃 起来 是 酸酸 甜甜 的,70,child,吃, 是 酸酸 甜甜 的
哦 好 的 谢谢 你 很 好 你 讲 的 非常 好 那 苹果 摸 起来 感觉 怎么样,70,adult,摸, 感觉 怎么样
橘子 吃 起来 酸酸 的,72,child,吃, 酸酸 的
摸 起来 呢,70,adult,摸, 呢
橘子 吃 起来 酸酸 的 苹果 吃 起来 甜甜 的 好,72,adult,吃, 酸酸 的 苹果 吃 起来 甜甜 的 好
摸 起来 是 光滑 的,70,child,摸, 是 光滑 的
摸 起来 感觉 洗 过 的,70,child,摸, 感觉 洗 过 的
吃 起来 甜甜,72,child,吃, 甜甜
摸 起来 感觉 凉凉 的 滑滑 的,70,child,摸, 感觉 凉凉 的 滑滑 的
摸 起来 是 怎样 的,70,adult,摸, 是 怎样 的
这样 才 能 拍 起来,70,child,拍,NA
摸 起来 是 软软 的,70,child,摸, 是 软软 的
摸 起来 疙里疙瘩 的,71,child,摸, 疙里疙瘩 的
苹果 摸 起来 是 软软 的 感觉,70,adult,摸, 是 软软 的 感觉
但 吃 起来 甜甜 的,71,child,吃, 甜甜 的
这样 能 拍 起来 很 好,70,adult,拍, 很 好
气味 呢 吃 起来 呢,74,adult,吃, 呢
吃 起来 甜甜 的,74,child,吃, 甜甜 的
甜甜 的 很 棒 然后 摸 起来 呢,74,adult,摸, 呢
摸 起来 光滑 吗 表面,70,adult,摸, 光滑 吗 表面
摸 起来 滑滑 的,74,child,摸, 滑滑 的
吃 起来,67,adult,吃,NA
苹果 吃 起来 味道 怎么样 啊,71,adult,吃, 味道 怎么样 啊
你 比如 说 摸 起来,67,adult,摸,NA
吃 起来 很 甜 的,72,child,吃, 很 甜 的
拍 起来 很 高,70,child,拍, 很 高
吃 起来 呢,71,adult,吃, 呢
闻 起来 怎么样,72,adult,闻, 怎么样
呃 弹 可以 弹 起来 的,72,child,弹, 的
闻 起来 呢,73,adult,闻, 呢
闻 起来 香 香 的,73,child,闻, 香 香 的
呃 苹果 闻 起来 是 什么 味道,70,adult,闻, 是 什么 味道
闻 起来 香香 的,70,child,闻, 香香 的
那 吃 起来 呢,70,adult,吃, 呢
篮球 看 起来 很 好看,73,child,看, 很 好看
起 手 起来 的 话 可以 在 你 手,72,child,手, 的 话 可以 在 你 手
悬浮 一 会儿 才 掉 下去 弹 弹 起来 的,72,child,弹, 的
摸 起来 很 硬,70,child,摸, 很 硬
摸 起来 很 硬 很 好,70,adult,摸, 很 硬 很 好
吃 起来 很 好吃,36,child,吃, 很 好吃
吃 起来 是 一 只,36,child,吃, 是 一 只
吃 起来 以后 不 能 喝 水,36,child,吃, 以后 不 能 喝 水
嗯 吃 起来 很 好吃,36,child,吃, 很 好吃
吃 起来 就 像 苹果 香 甜,36,child,吃, 就 像 苹果 香 甜
吃 起来 甜 甜,48,child,吃, 甜 甜
摸 起来 怎么样,48,child,摸, 怎么样
摸 起来 就 是 很 滑 很 滑,36,child,摸, 就 是 很 滑 很 滑
然后 你 剥 掉 它 就 是 一 只 黄色 的 吃 起来 很 好吃 再 不 吃 的 话 它 就 会 变 黑 坏 掉 的,36,child,吃, 很 好吃 再 不 吃 的 话 它 就 会 变 黑 坏 掉 的
这 是 皮球 摸 起来 很 滑 但是 有 一 个 凸 点 小小 的,36,child,摸, 很 滑 但是 有 一 个 凸 点 小小 的
看 起来 红色 的 苹果 一样,48,child,看, 红色 的 苹果 一样
然后 它 很 爱 这样 跳 跳 跳 跳 起来,36,child,跳,NA
然后 跳 起来,36,child,跳,NA
摸 起来 是 把手 就 吃的 感觉,48,child,摸, 是 把手 就 吃的 感觉
闻 起来 什么 味道,65,child,闻, 什么 味道
这 是 圆圆 的 企鹅 看 起来 不 能 吃 而 是 要 玩 的 还 有 踢 的,65,child,看, 不 能 吃 而 是 要 玩 的 还 有 踢 的
买 起来 五 块 钱 的,48,child,买, 五 块 钱 的
摸 起来 吃 一样 的,65,child,摸, 吃 一样 的
那个 像 一 个 圆形 可是 你 看 起来 很 重 里面 的 气 很 多,36,child,看, 很 重 里面 的 气 很 多
还 有 漏 气 了 又 可 用 那个 东西 把 他 重新 弄 起来,65,child,弄,NA
它 吃 起来 很 甜,48,child,吃, 很 甜
是 哎呀 摸 起来 是 软软 的,48,child,摸, 是 软软 的
站 起来 这样 就 踢 响 了,48,child,站, 这样 就 踢 响 了
摸 起来 是 高级 的 一模一样 的 甜甜 的,60,child,摸, 是 高级 的 一模一样 的 甜甜 的
然后 我们 睡觉 就 早早 的 起来 上 幼儿园,48,child,的, 上 幼儿园
玩 起来 很 轻松,48,child,玩, 很 轻松
闻 起来 好 香 的,48,child,闻, 好 香 的
拿 起来,48,child,拿,NA
吃 起来 就 是 热热 的 然后 就 是 有 味道 苹果 味道,48,child,吃, 就 是 热热 的 然后 就 是 有 味道 苹果 味道
摸 起来 黄色 的,48,child,摸, 黄色 的
吃 起来,48,child,吃,NA
吃 起来,48,child,吃,NA
老师 说 这 是 苹果 它 皮 是 红色 的 吃 起来 里面 是 白色 的,60,child,吃, 里面 是 白色 的
还 有 剥 起来 开 里面 是 白白 的 还 有 核儿,65,child,剥, 开 里面 是 白白 的 还 有 核儿
摸 起来 也 很 滑,60,child,摸, 也 很 滑
闻 起来 香 的,60,child,闻, 香 的
吃 起来 又 很 甜,60,child,吃, 又 很 甜
摸 起来 摸 起来 感觉 是 那样,48,child,摸, 摸 起来 感觉 是 那样
玩 起来 很 好玩,60,child,玩, 很 好玩
扔 起来 很 好玩,60,child,扔, 很 好玩
草莓 味道 吃 起来,60,child,吃,NA
吃 起来 很 好吃,60,child,吃, 很 好吃
摸 起来 不 知道,60,child,摸, 不 知道
闻 起来 很 难吃,60,child,闻, 很 难吃
要 每 天 起来 要 浇 水 才能 把 树叶 长 高高 才能 有 甜甜 的 苹果 在 树叶里,60,child,天, 要 浇 水 才能 把 树叶 长 高高 才能 有 甜甜 的 苹果 在 树叶里
小朋友 都 动 起来 是 圆圆 的 所以 小朋友 都 爱 玩,60,child,动, 是 圆圆 的 所以 小朋友 都 爱 玩
扔 起来 很 疼,60,child,扔, 很 疼
它 吃 起来 也 很 甜,60,child,吃, 也 很 甜
它 吃起来 甜甜 又 酸 又 甜,60,child,吃, 甜甜 又 酸 又 甜
吃 起来 是 像 甜甜 的 一样,60,child,吃, 是 像 甜甜 的 一样
吃 起来 我 想想 是 甜甜 的,60,child,吃, 我 想想 是 甜甜 的
它 有 一些 这样 的 记 不 起来 了,60,child,记, 了
然后 吃 起来 很 好吃,60,child,吃, 很 好吃
苹果 外面 是 红红 的 但是 吃 起来 有点 脆,36,child,吃, 有点 脆
我 拿 了 一 个 小 苹果 拿 起来 吃,60,child,拿, 吃
还 有 它 吃 起来 有点 脆 但是 有 一点儿 甜,36,child,吃, 有点 脆 但是 有 一点儿 甜
吃 起来 很 好吃,60,child,吃, 很 好吃
吃 起来 也 很 甜,36,child,吃, 也 很 甜
它 摸 它 摸 它 摸 起来 是 很 漂亮 的 很 红红 的,60,child,摸, 是 很 漂亮 的 很 红红 的
爸爸 妈妈 来 把 它 抓 起来 来 吃 了,60,child,抓, 把 它 抓 起来 来 吃 了
吃 起来 都 是 很 很 甜甜 的,60,child,吃, 都 是 很 很 甜甜 的
他 跑 起来 了,72,child,跑, 了
我们 把 它 放在 水里 它 会 不会 飞 起来,72,child,飞,NA
他 哭 起来 了,72,child,哭, 了
小 大象 看起来 很 过瘾,72,child,看, 很 过瘾
他 的 朋友 就 笑 了 起来,72,child,笑,NA
他 说 站 起来,72,child,站,NA
他 飞 的 起来 的 时候,72,child,的, 的 时候
他 就 笑 起来 了,72,child,笑, 了
长颈鹿 把 他 弄 飞 了 起来,72,child,飞,NA
他 再 拿 起来,72,child,拿,NA
还有 小 大象 开心 起来 了,72,child,心, 了
长颈鹿 把 他 扶 起来,72,child,扶,NA
他 哭 了 起来,72,child,哭,NA
牛 牛 牛 牛 这样子 xxx 起来 起来 了,60,child,x, 起来 了
有 一天 大 熊 笑 起来 了,60,child,笑, 了
大象 起来 了 小 牛 大象 的 爸爸 也 笑 了,60,child,象, 了 小 牛 大象 的 爸爸 也 笑 了
所以 她 就 把 球 拿 了 起来,60,child,拿,NA
小 马 朋友 就 负责 的 把 球 拿 了 起来,60,child,拿,NA
然后 小 象 女 朋友 就 把 球 拿 了 起来,60,child,拿,NA
小 马 站起来,60,child,站,NA
然后 小 蚂蚁 小 蚂蚁 和 小 大象 玩 了 起来,60,child,玩,NA
然后 小 象 女 朋友 就 很 担心 的 看着 小 男 朋友 哭 了 起来,60,child,哭,NA
然后 他 小 牛 先生 也 拿 不 起来,60,child,拿,NA
然后 他 就 很 担心 的 哭 了 起来,60,child,哭,NA
他 就 哭 起来 了,72,child,哭, 了
长颈鹿 就 哭 了 起来,60,child,哭,NA
他 就 哭 了 起来,60,child,哭,NA
我 起来 拿 x,60,child,我, 拿 x
然后 他 哭 了 起来,72,child,哭,NA
来 了 以后 拿 不 起来,72,child,拿, 了 以后 拿 不 起来
他 x 起来 了,60,child,x, 了
x 起来 了,60,child,x, 了
然后 把 它 捡 起来 了,72,child,捡, 了
然后 马 就 开心 起来 了,72,child,心, 了
然后 这个 马 就 起来 了,72,child,就, 了
然后 它 还 一拿 了 它 拿起来 了 它 给 那个 驴子,72,child,拿, 了 它 给 那个 驴子
长颈鹿 以为 它 是 错 的 它 就 哭 起来 了,72,child,哭, 了
大象 宝宝 哎 不是 长颈鹿 抱 着 它 的 飞机 哭 起来 了,72,child,哭, 了
然后 它 说 了 那个 话 这 小 飞机 就 飞 了 起来,60,child,飞,NA
大象 爸爸 说 可以 让 你 的 腿 好 起来,72,child,好,NA
唉 我 感觉 不 疼 了 三天 以后 你 就 好 起来 了,72,child,好, 了
然后 小马 就 向 爸爸 和 长颈鹿 它们 就 哈哈 笑 起来 了,72,child,笑, 了
然后 象 妈妈 来 了 就 够 呀 够 然后 给 了 长颈鹿 它 就 笑 起来 了,72,child,笑, 了 就 够 呀 够 然后 给 了 长颈鹿 它 就 笑 起来 了
长颈鹿 感觉 喜欢 就 向 小象 笑 起来 了,72,child,笑, 了
小 妹妹 去 拿 了 起来,60,child,拿,NA
我 拿 起来,60,child,拿,NA
然后 它们 就 高兴 起来 了,72,child,兴, 了
然后 它们 就 高兴 起来 了,72,child,兴, 了
大象 xxx 爸爸 把 小象 抱起来 了,60,child,抱, 了
然后 飞机 不 飞 起来,60,child,飞,NA
明天 起来 气球 一 个 水 底下 掉 了,72,child,天, 气球 一 个 水 底下 掉 了
他 给 气球 他 气球 掉掉 了 那天 起来,72,child,天,NA
起来 的 时候 看到 气球 没有 了,72,child,NA, 的 时候 看到 气球 没有 了
他 xxx 起来,72,child,x,NA
那天 起来 气球 看 了 以后,72,child,天, 气球 看 了 以后
然后 起来 吧 你 先 做 一会儿,72,child,后, 吧 你 先 做 一会儿
纸飞机 飞 不 起来,72,child,飞,NA
小 大象 说 它 飞 不起来,72,child,飞,NA
把 他 搬起来 做 在 板凳 上,72,child,搬, 做 在 板凳 上
然后 然后 包起来,72,child,包,NA
然后 她 把 鼻子 伸 长长 的 哭 起来,72,child,哭,NA
然后 马 跳 起来,72,child,跳,NA
我 给 她 扶 起来 了,72,child,扶, 了
我 来 帮 你 捡 起来,72,child,捡, 帮 你 捡 起来
它 就会 泡 起来 的,72,child,泡, 的
他们 两 个 现在 跳 起来 了,72,child,跳, 了
它 就 高兴 起来 的,60,child,兴, 的
然后 它 就 飞 起来 的 时候 它 就 看到 了,60,child,飞, 的 时候 它 就 看到 了
吃 起来 好吃的 味道,60,child,吃, 好吃的 味道
他 坐 一会 就 站起来 就 特别 舒服,60,child,站, 就 特别 舒服
他 说 了 那 怎么办 拿 不 起来 呢,60,child,拿, 呢
他 说 那 拿 不 起来 我 送 不来 了,60,child,拿, 我 送 不来 了
掉下来 的 时候 飞 不起来 了,60,child,飞, 的 时候 飞 不起来 了
我 拿 起来 我 来 吧,60,child,拿, 我 来 吧
给 你 拿 起来 吧,60,child,拿, 吧
跑 起来 了 水里 有 个 xxx,60,child,跑, 了 水里 有 个 xxx
然后 他 就 把 他 扶 起来,72,child,扶,NA
妈妈 哈哈 笑 起来,72,child,笑,NA
我 快 起来 吧,60,child,快, 吧
它 吃起来 苹果 一样,60,child,吃, 苹果 一样
这个 吃起来 很 好吃 就像 红红 的 小球 一样,60,child,吃, 很 好吃 就像 红红 的 小球 一样
然后 他 最后 把 它 拿 起来 也 没 拿 起来,72,child,拿, 也 没 拿 起来
吃 起来 很 甜,60,child,吃, 很 甜
我 怎么 都 拿 不 起来 了,72,child,拿, 了
它 看起来 一边 红 一边 蓝,60,child,看, 一边 红 一边 蓝
那样 的 拿 起来 不 疼 了,60,child,拿, 不 疼 了
它 踢 起来 很 好 玩,60,child,踢, 很 好 玩
摸 起来 不 是 篮球,60,child,摸, 不 是 篮球
它 看起来 是 圆 形,60,child,看, 是 圆 形
然后 然后 妈妈 说 拿 不 起来 了,72,child,拿, 了
差 了 一点儿 点儿 就 拿 不 起来 了,72,child,拿, 了
飞机 拿 起来 了,60,child,拿, 了
他 的 妈妈 xxx 网 起来,60,child,网,NA
网 起来 飞机,60,child,网, 飞机
把 它 拿 起来 的 时候 这个 很 重,60,child,拿, 的 时候 这个 很 重
可以 有 一 只 小羊 见 了 苹果 哈哈 的 笑 了 起来,66,child,笑,NA
小羊 看见 苹果 哈哈 的 笑 了 起来 他 他,66,child,笑, 他 他
圆形 的 啊 苹果 吃起来 是 什么 味道 的,66,adult,吃, 是 什么 味道 的
吃起来 甜 甜 的,66,child,吃, 甜 甜 的
吃起来 是 很甜 的,66,child,吃, 是 很甜 的
他 笑 了 起来,66,child,笑,NA
吃起来 是 什么 味道 的,66,adult,吃, 是 什么 味道 的
它 是 吃起来 是 什么 味道,66,adult,吃, 是 什么 味道
圆形 的 摸起来 怎么样 感觉,66,adult,摸, 怎么样 感觉
爽 爽 的 感觉 呀 啊 闻起来 呢,66,adult,闻, 呢
哦 摸起来 什么 感觉 的,66,adult,摸, 什么 感觉 的
闻起来 很香,66,child,闻, 很香
吃起来 呢 吃起来 什么 味道,66,adult,吃, 呢 吃起来 什么 味道
摸起来 是 一个 红色 的 感觉,66,child,摸, 是 一个 红色 的 感觉
吃起来 好 酸,78,child,吃, 好 酸
红色 的 感觉 是 吧 好 的 那 吃 起来 呢 吃 起来 什么 味道,66,adult,吃, 呢 吃 起来 什么 味道
又 拍起来,66,child,拍,NA
哦 吃起来 是 酸 的 味道 那么 嗯 你 喜欢 吃 苹果 吗,66,adult,吃, 是 酸 的 味道 那么 嗯 你 喜欢 吃 苹果 吗
它 还 可以 球 还 可以 跳起来,66,child,跳,NA
跳起来 的 时候 还要 拍,66,child,跳, 的 时候 还要 拍
吃起来 甜甜的 酸酸的,78,child,吃, 甜甜的 酸酸的
它 拍起来 还 可以 跳 呢,66,child,拍, 还 可以 跳 呢
吃起来 啊,66,adult,吃, 啊
吃起来,66,child,吃,NA
啊 吃起来 怎么样,66,adult,吃, 怎么样
但是 它 吃起来 也 特别 好吃,78,child,吃, 也 特别 好吃
苹果 味道 那 它 摸起来 是 什么 感觉 呢,78,adult,摸, 是 什么 感觉 呢
这个 是 篮球 篮球 长得 什么样 啊 它 看起来 怎么样 啊,66,adult,看, 怎么样 啊
对啊 它 闻起来 吃 起来 是 什么 味道 的 呀,78,adult,闻, 吃 起来 是 什么 味道 的 呀
学生 玩儿 起来 然后 那些 学生 就 觉得 这个 篮球 很 好玩儿,78,child,儿, 然后 那些 学生 就 觉得 这个 篮球 很 好玩儿
踢起来 很 好玩儿,78,child,踢, 很 好玩儿
对啊 它 的 闻起来 的 和 吃起来 的 味道 是 什么 呢,78,adult,闻, 的 和 吃起来 的 味道 是 什么 呢
就 在 想不起来,78,child,想,NA
想不起来 那 你 知道 买 一 个 苹果 需要 多少钱 吗,78,adult,想, 那 你 知道 买 一 个 苹果 需要 多少钱 吗
圆形 那 苹果 摸起来 是 什么 感觉 呀,78,adult,摸, 是 什么 感觉 呀
闻起来 是 什么 味道 的 呀,66,adult,闻, 是 什么 味道 的 呀
闻起来 是 什么 味道 的 呀,66,adult,闻, 是 什么 味道 的 呀
吃起来 是 什么 味道 的 呀,66,adult,吃, 是 什么 味道 的 呀
吃起来 是 什么 味道 的 呀,66,adult,吃, 是 什么 味道 的 呀
吃 起来 好 好吃 的 样子,78,child,吃, 好 好吃 的 样子
吃 起来 有 吃 起来 有 这样 的,78,child,吃, 有 吃 起来 有 这样 的
你 再 给 我 介绍 一下 这个 苹果 摸 起来 是 什么 感觉 呢,54,adult,摸, 是 什么 感觉 呢
摸 起来 好像,78,child,摸, 好像
吃 起来 好 吃,78,child,吃, 好 吃
摸 起来 是 什么 感觉 摸 过 吗,54,adult,摸, 是 什么 感觉 摸 过 吗
摸 起来 什么 感觉 呢,54,adult,摸, 什么 感觉 呢
吃 起来 什么 味道 呢,54,adult,吃, 什么 味道 呢
摸 起来 滑 的,66,child,摸, 滑 的
摸 起来 很 滑,78,child,摸, 很 滑
摸 起来 滑滑 的,60,child,摸, 滑滑 的
闻 起来 很 香,78,child,闻, 很 香
闻 起来 像 苹果 味道,78,child,闻, 像 苹果 味道
我 玩起来 很高兴 的,60,child,玩, 很高兴 的
玩起来 身体 健康,60,child,玩, 身体 健康
起来 了,54,child,NA, 了
起来 了 这个,54,child,NA, 了 这个
可是 那个 那个 这个 飞机 飞 起来,66,child,飞,NA
然后 然后 然后 长颈鹿 就 哭 起来 了,66,child,哭, 了
长颈鹿 就 高兴 起来 了,66,child,兴, 了
他就 说 不客气 长颈鹿 笑起来 大象 也 笑 起 来,72,child,笑, 大象 也 笑 起 来
然后 他们 没有 看到 不能 跑啊跑的 标志 他们 就 跑起来,72,child,跑,NA
他 就 跑起来 他 很 着急 他 滑倒了,72,child,跑, 他 很 着急 他 滑倒了
他 拿 起来 他 一点 都 没拿 就 到 了 大象 旁边,72,child,拿, 他 一点 都 没拿 就 到 了 大象 旁边
然后 大象 拿 了 拿 了 起来,72,child,拿,NA
爸爸 就去 取球 也 没有 拿起来 长颈鹿 哭 了,72,child,拿, 长颈鹿 哭 了
他 就 这样 玩 起来 玩 起 来,72,child,玩, 玩 起 来
大象 的 好朋友 球 拿起来 了,72,child,拿, 了
他的 妈妈 把 他的 宝宝 抱起来 了,72,child,抱, 了
然后 他 就 开心 起来 了,66,child,心, 了
长颈鹿 试着 把 它 拿 起来,84,child,拿,NA
然后 把 它 飞机 绑 起来,84,child,绑,NA
长颈鹿 就 把 拿 起来了,84,child,拿,了
它 试着 把 它 拿起来,84,child,拿,NA
它 就把 它的 飞机 藏 起来了,96,child,藏,了
会 把 它的 玩具 拿起来 了,84,child,拿, 了
然后 大象 爸爸 试着 把 它 拿起来,84,child,拿,NA
把 这个 飞机 拿起来,84,child,拿,NA
终于 拿起来,84,child,拿,NA
然后 小驴哥哥 捡 起来了,72,child,捡,了
飞机 升起来 了,84,child,升, 了
他 被 带 起来 他 在 那儿 坐 呢,78,child,带, 他 在 那儿 坐 呢
但是 他们 两个 玩 了 起来,78,child,玩,NA
给 妈妈 这个 妈妈 苹果 拿 起来 然后 说,54,child,拿, 然后 说
跳 起来,54,child,跳,NA
他 把 她 扶 起来,78,child,扶,NA
他 起来 那些 这个,66,child,他, 那些 这个
他 要 把 他 抱 起来,54,child,抱,NA
他们 起来 了,54,child,们, 了
还有 这个 这个 飞机 拿 起来 他们 送给,54,child,拿, 他们 送给
还有 拿 不 起来,54,child,拿,NA
然后 他 恩 起来 恩 飞机 扔 到 河 里面 了,54,child,恩, 恩 飞机 扔 到 河 里面 了
一起来,60,child,一,NA
还有 这个 拿 这个 拿 起来,54,child,拿,NA
马 马 掉 到 水 把 起来 的 时候 然后 在 掉 水 的 时候 就 拿 球,66,child,把, 的 时候 然后 在 掉 水 的 时候 就 拿 球
他们 起来 了,54,child,们, 了
这 小孩子 要 把 它 抱 起来 了,54,child,抱, 了
然后 她妈妈 来了 趴到 那 拿起来 了,72,child,拿,了 趴到 那 拿起来 了
有 飞机 飞 起来 他 给 他 飞 起来,60,child,飞, 他 给 他 飞 起来
在 后面 后面 爸爸 来了 他 起来 了 这样子 坐下,72,child,他,了 他 起来 了 这样子 坐下
他们 两 个打 起来,72,child,打,NA
然后 给 不是 我 弄的 是 他 弄的 他 没 抓起来,72,child,抓,NA
然后 打起来,72,child,打,NA
然后 他 把 飞机 拿 起来,72,child,拿,NA
终于 拿 起来 了 好 了,72,child,拿, 了 好 了
然后 他 拿 也 拿 不 起来 他 害怕 拿,72,child,拿, 他 害怕 拿
他 哭起来 了,72,child,哭, 了
然后 爸爸 把 他 的 宝宝 给 扶 起来,78,child,扶,NA
吃起来酸酸的味道,72,child,吃,酸酸的味道
球是圆形的玩起来它会嗯,72,child,玩,它会嗯
摸 起来 圆形,72,child,摸, 圆形
还有 它 的 皮 红红 的 中间 有 个 东西 拿 起来 就 可以 吃 了,84,child,拿, 就 可以 吃 了
然后 然后 妈妈 爸爸 让他 抬 起来 然后 奶奶 也 也,78,child,抬, 然后 奶奶 也 也
然后 奶牛 抓 他的 手 也 走 起来,78,child,走,NA
小羊 这是 苹果 它 有 一层 红红 的 果皮 剥 下去 有 一 层 坚实 的 果肉 吃 起来味道 爽 极 了人们 还 把 它 当 做 礼物 给 自己 的 朋友 给 病人 送去 礼物,84,child,吃,味道 爽 极 了人们 还 把 它 当 做 礼物 给 自己 的 朋友 给 病人 送去 礼物
然后 他就 把 飞机 高高地 飞起来 了,72,child,飞, 了
这是 一 个 苹果 它 看 起来 是 圆圆 的 它 的 皮 是 红红 的 把 皮 弄 起来 然后吃 吃 特别 甜甜 的 它 的 价格 是 五 块 钱,96,child,看, 是 圆圆 的 它 的 皮 是 红红 的 把 皮 弄 起来 然后吃 吃 特别 甜甜 的 它 的 价格 是 五 块 钱
苹果 是 一 种 水果 它 圆圆 的 而且 是 红色 吃 起来 香 又 甜 的,84,child,吃, 香 又 甜 的
然后 妈妈 使劲 把它 拉 起来,78,child,拉,NA
吃起来非常 好吃,84,child,吃,非常 好吃
吃 起来 很 甜,60,child,吃, 很 甜
外面 红红 的 滑滑 的 吃 起来 特别 好 吃,60,child,吃, 特别 好 吃
把 皮 剥开了 里面 是 白白 的 吃 起来 是 甜甜 的,60,child,吃, 是 甜甜 的
嗯 嗯 里面 吃起来 它 是 甜 甜 的,72,child,吃, 它 是 甜 甜 的
摸起来 啊 有点 滑,84,child,摸, 啊 有点 滑
而 有些 地方 看起来 像 白色 但 那里 不是 白色 是 红色,84,child,看, 像 白色 但 那里 不是 白色 是 红色
因为 灯 开 了 以后 然后 就像 看起来 都是 白色,84,child,看, 都是 白色
还有 还有 还有 合起来 吃的 话 就 就 就 那 就会 那 就会 那 那 就会 那 就会 那 就 话 吃不下 的,84,child,合, 吃的 话 就 就 就 那 就会 那 就会 那 那 就会 那 就会 那 就 话 吃不下 的
吃 起来 吃 起来 很好吃,84,child,吃, 吃 起来 很好吃
它 它 可以 剥起来 吃,84,child,剥, 吃
吃 起来 呢,84,adult,吃, 呢
吃 起来 很甜,84,child,吃, 很甜
一会儿 玩儿 起来 的 话 它 会 自己 跳来跳去,72,child,儿, 的 话 它 会 自己 跳来跳去
还能 想起来 吗,72,adult,想, 吗
嗯 苹果 吃起来 里面 是 白色 甜 甜 的,84,child,吃, 里面 是 白色 甜 甜 的
还有 它 特别 和 吃起来,84,child,吃,NA
然后 吃上去 以后 看起来 很甜,84,child,看, 很甜
吃起来 也 很 甜,84,child,吃, 也 很 甜
吃 起来 给 朋友 吃 也 很甜,84,child,吃, 给 朋友 吃 也 很甜
打 打起来 就 不会 破,84,child,打, 就 不会 破
哦 吃起来 呢,60,adult,吃, 呢
外面 看起来 时 什么样 的 呢,60,adult,看, 时 什么样 的 呢
外面 看起来 好 漂亮,60,child,看, 好 漂亮
吃起来 呢 啥 味道,60,adult,吃, 呢 啥 味道
啊 吃起来 呢,60,adult,吃, 呢
嗯 吃起来 又 甜,60,child,吃, 又 甜
嗯 你 告诉 老师 苹果 吃起来 是 什么 味道,60,adult,吃, 是 什么 味道
吃起来 香不香,60,adult,吃, 香不香
吃起来 是 什么 味道 呢,60,adult,吃, 是 什么 味道 呢
踢起来 可以 和 朋友 一起 踢 就 像 足球 赛 比赛 一样,84,child,踢, 可以 和 朋友 一起 踢 就 像 足球 赛 比赛 一样
嗯 要 把 飞 嗯 球 举起来 跳 跳,60,child,举, 跳 跳
它 吃起来 是 什么 味道,72,adult,吃, 是 什么 味道
吃起来 是 什么 味道,72,adult,吃, 是 什么 味道
然后 呢 它 看起来 是 什么 样子 的 呢,60,adult,看, 是 什么 样子 的 呢
那 苹果 吃起来 什么 味道,72,adult,吃, 什么 味道
然后 最后 一 个 然后 腿 好 了 以后 然后 能 站起来,72,child,站,NA
那个 苹果 吃起来 酸酸 甜甜 的,60,child,吃, 酸酸 甜甜 的
它 咬 不 起来,60,child,咬,NA
它 吃起来 香香 的,60,child,吃, 香香 的
黄 苹果 吃起来 不酸,60,child,吃, 不酸
然后 再 把 它 捡 起来,60,child,捡,NA
吃起来 好好吃,72,child,吃, 好好吃
摸 起来 挺 滑 的 感觉,84,child,摸, 挺 滑 的 感觉
吃 起来 很 甜 的,84,child,吃, 很 甜 的
想不起来 那 你 知不知道 买 一 个 苹果 需要 多少钱 呀,72,adult,想, 那 你 知不知道 买 一 个 苹果 需要 多少钱 呀
大象 捡 起来 了 球,60,child,捡, 了 球
还有 又 起来,60,child,又,NA
它 吹 起来 它 的 那个 飞机 了,60,child,吹, 它 的 那个 飞机 了
小马 飞机 飞 起来 了,60,child,飞, 了
长颈鹿 把 它 捡 起来 了,72,child,捡, 了
然后 他 说 把 这里 的 飞机 捡 起来,72,child,捡,NA
然后 他 捡 起来 他 也 没 办法,72,child,捡, 他 也 没 办法
然后 把 那个 飞机 捡 起来,72,child,捡,NA
然后 长颈鹿 哭 了 起来,72,child,哭,NA
最后 大象 就 哭 了 起来,72,child,哭,NA
他 想 飞 起来 用 那个 飞机,72,child,飞, 用 那个 飞机
小象 用 快速 的 速度 跑 了 起来,72,child,跑,NA
最后 大象 想 用 他 的 鼻子 把 那个 飞机 飞 起来,72,child,飞,NA
然后 长颈鹿 站 起来 给 大象 妈妈 说 大象 妈妈 你 为什么 要 把 我 掉到 河 里面去,72,child,站, 给 大象 妈妈 说 大象 妈妈 你 为什么 要 把 我 掉到 河 里面去
然后 起来,72,child,后,NA
它 拿起来 了,75,child,拿, 了
长颈鹿 就 哭 起来 了,72,child,哭, 了
然后 呀他 就 扶 他 坐 起来 了,72,child,坐, 了
然后 他 说 我 给 你 拿起来 怎么样,87,child,拿, 怎么样
然后 长颈鹿 就 哭起来 了,87,child,哭, 了
然后 再 牛 把 飞机 抬 起来,84,child,抬,NA
大象 看起来 想 跳水,84,child,看, 想 跳水
然后 就 笑 起来 了,84,child,笑, 了
然后 他 就 笑起来,87,child,笑,NA
然后 大家 都 开心 了 起来,72,child,心,NA
大象 看起来 特别 疼,60,child,看, 特别 疼
他 放开 飞机 让 他 飞 起来,60,child,飞,NA
然后 爸爸 来 了 以后 他 想 他 想 把 这个 飞机 弄 起来,72,child,弄, 了 以后 他 想 他 想 把 这个 飞机 弄 起来
小鹿 弟弟 就 哇哇 哭 起来,60,child,哭,NA
然后 然后 不 想 起来 了,84,child,想, 了
就 用 捞鱼 的 东西 把 它 捞 起来 了,84,child,捞, 了
象 滑 了起来,84,child,滑,NA
然后 把 它 给 拿 起来 了,60,child,拿, 了
大象 然后 大象 宝宝 就 很 x 地 哭 起来 了,60,child,哭, 了
我 不是 故意 的 长颈鹿 哭起来 了,87,child,哭, 了
用 这个 拿 拿 不起来,87,child,拿,NA
然后 它 飞 不 起来,60,child,飞,NA
然后 给 他 说 我 帮 你 拿 起来 说 了,60,child,拿, 说 了
他 的 爸爸 就 拿 起来 了,60,child,拿, 了
它 起来 了,60,child,它, 了
它 飞 起来 飞机,60,child,飞, 飞机
然后 用 篮子 把 他 拿 起来 了,72,child,拿, 了
然后 他 的 脚 不 起来 了,84,child,脚, 了
长颈鹿 他 藏起来,72,child,藏,NA
然后 拿起来 xxx 没起来 他 拿 到 啦 他 给 他 啦 他 想 想 xxx,84,child,拿, xxx 没起来 他 拿 到 啦 他 给 他 啦 他 想 想 xxx
他 说 我们 一起 玩 吧 然后 他 xxx 起来 啦,84,child,x, 啦
然后 他 打 起来 掉 下 了 水 里 去,84,child,打, 掉 下 了 水 里 去
跳 起来 还有 马 还有 我 爸爸 这里,60,child,跳, 还有 马 还有 我 爸爸 这里
然后他妈妈过来 拿着那个绳 捡起来,84,child,捡, 拿着那个绳 捡起来
那个长颈鹿还要游泳把它的球捡起来,84,child,捡,NA
把 大象孩子抱了起来,84,child,抱,NA
把飞机捡起来,84,child,捡,NA
然后 牛 弄 飞机 呜呜呜 飞起来,87,child,飞,NA
然后 这个 大象 很 紧张 跑 了 起来,87,child,跑,NA
吃 起来 很 香 很 香 的,63,child,吃, 很 香 很 香 的
拿 呀 拿 呀 拿 起来 了,87,child,拿, 了
红色 的 吃 起来 非常 的 甜,75,child,吃, 非常 的 甜
吃 起来 非常 的 甜,75,child,吃, 非常 的 甜
然后 剥 起来 就 是 白 的,63,child,剥, 就 是 白 的
吃 起来 可是 很 香 的,75,child,吃, 可是 很 香 的
吃起来 很 甜 也 跟 香蕉 一样 吃起来 很 香,75,child,吃, 很 甜 也 跟 香蕉 一样 吃起来 很 香
恩 现在 可以 想起来 看 过,75,child,想, 看 过
还有 踢 起来 是 很 快 活蹦乱跳,75,child,踢, 是 很 快 活蹦乱跳
把 它 踢 起来 的 时候 它 会 蹦蹦跳,75,child,踢, 的 时候 它 会 蹦蹦跳
早上 起来 也 要 运动 一 下,75,child,上, 也 要 运动 一 下
这个 皮球 这个 皮球 这个 皮球 这个 皮球 我 想 不 起来,75,child,想,NA
恩 起来 了,63,child,恩, 了
飞机 飞 起来 了 他 又 拿 了,63,child,飞, 了 他 又 拿 了
妈妈 起来 了,63,child,妈, 了
他 哭 了 起来,63,child,哭,NA
然后 马 他 就 起来 了,84,child,就, 了
他 从 水 里 他 从 水 里 过去 他 起来 了,84,child,他, 了
长颈鹿 在 那里 一 下 看 着 他 然后 然后 他 说 他 起来 没 事 吧,75,child,他, 没 事 吧
把 爸爸 把 他们的 脚 xxx 弄 起来,75,child,弄,NA
然后 然后 他 长 那个 那个 那 大象 笑 起来 了,84,child,笑, 了
长颈鹿 笑 起来 了,84,child,笑, 了
大 大象 快 要 哭 起来 了,72,child,哭, 了
小马 就 哭 起来 了,84,child,哭, 了
牛 高兴 高兴 起来,63,child,兴,NA
牛 站 起来 说,63,child,站, 说
长颈鹿 把 他 的 爸爸 叫 起来,84,child,叫,NA
大象 高兴 起来,63,child,兴,NA
大象 笑 起来,63,child,笑,NA
把 那个 合 起来 了,63,child,合, 了
就 他 飞机 抱 起来 了,84,child,抱, 了
然后 恩 牛 爸爸 开心 起来,63,child,心,NA
然后 大象 的 爸爸 拿 不 起来 飞机,63,child,拿, 飞机
她 说 把 他 的 腿 用 双面胶 贴 起来 了,75,child,贴, 了
然后 教练 把 他 扶 起来 坐 到 椅子 上 了,75,child,扶, 坐 到 椅子 上 了
然后 长颈鹿 也 高兴 起来 了,63,child,兴, 了
然后 马 拿 起来 了,75,child,拿, 了
然后 长颈鹿 就 笑眯眯 地 起来 了,63,child,地, 了
然后 教练 就 爬 起来 拿拿 拿 那个 飞机 就 拿 不 到,75,child,爬, 拿拿 拿 那个 飞机 就 拿 不 到
然后 他 的 那个 他 就 痛 起来,75,child,痛,NA
然后 和 他 弄 来 飞 起来 了,75,child,飞, 飞 起来 了
飞 起来 以后 掉 在 河里 了 河里 去 了,75,child,飞, 以后 掉 在 河里 了 河里 去 了
然后 他 就 高兴 起来 了,75,child,兴, 了
最后 那个 大象 哭 了 起来,75,child,哭,NA
大象 就 高兴 起来 了,75,child,兴, 了
然后 他 就 用 手 抓 就 飞 起来 了,75,child,飞, 了
大象 把 眼睛 捂 了 起来,75,child,捂,NA
那 个 长颈鹿 上来 就 嘻 嘻 他 就 这样 笑 了 起来,75,child,笑, 就 嘻 嘻 他 就 这样 笑 了 起来
最后 他 那个 水牛 哭 了 起来 拿 不 到 飞机,75,child,哭, 拿 不 到 飞机
长颈鹿 就 笑 起来 了,87,child,笑, 了
大象 也 笑 起来 了,87,child,笑, 了
大象 很 害怕 想 把 它 捡 起来,75,child,捡,NA
渔网 已经 捡 起来 飞机 了,75,child,捡, 飞机 了
然后 大象 说 的 把 那 个 球 捡 起来,75,child,捡,NA
我 捡 不 起来 就 不行 了,75,child,捡, 就 不行 了
那是 我 的 球 捡 不 起来,75,child,捡,NA
不能 这样 我 不 需要 捡 起来,75,child,捡,NA
然后 再 叫 长颈鹿 把 它 飞 起来 了,87,child,飞, 了
然后 大象 就 球 想 把 它 捡 起来,75,child,捡,NA
然后 那 个 大象 再 一 用 劲 终于 把 长颈鹿 的 飞机 给 拿 起来 了,75,child,拿, 了
跳 了 两 次 还是 没有 弄 起来,75,child,弄,NA
然后 他 就 笑 起来 了,75,child,笑, 了
长颈鹿 哥哥 让 飞机 飞 起来,75,child,飞,NA
爸爸 你 赶快 捡 起来,75,child,捡,NA
就 把 他 就 拿 起来 了,87,child,拿, 了
然后 再 长颈鹿 就 笑 着 起来 了,87,child,着, 了
大象 又 想 把 它 弄 起来,75,child,弄,NA
他 用 一 个 够 的 东西 掉 到 水 里面 把 他 捡 起来,75,child,捡,NA
然后 他 帮 他 捡 了 起来,72,child,捡,NA
大象 爸爸 他 他 他 帮 大象 大象 妈妈 扶 起来 坐 到 椅子 上 让 他 再 也 不 让 跑,84,child,扶, 坐 到 椅子 上 让 他 再 也 不 让 跑
然后 然后 小马 把 他 扶 起来 坐 到 椅子 上,84,child,扶, 坐 到 椅子 上
然后 大象 开心 xxx 起来 给 长颈鹿 啦,72,child,x, 给 长颈鹿 啦
然后 长颈鹿 和 大象 笑 了 起来,75,child,笑,NA
他 玩 了 起来,75,child,玩,NA
然后 大象 又 把 那 个 东西 拿 起来,75,child,拿,NA
呃 他 他 拿 起来 没 拿 到,72,child,拿, 没 拿 到
然后 爸爸 就 生气 把 它 捡 起来,75,child,捡,NA
没 捡 起来 他 就 哭 了 起来,75,child,捡, 他 就 哭 了 起来
然后 妈妈 把 它 拿 起来 使 劲 拉 拉,75,child,拿, 使 劲 拉 拉
这个 长颈鹿 想 让 他 的 飞机 飞 起来,75,child,飞,NA
飞机 长颈鹿 想 让 这个 飞机 飞 起来,75,child,飞,NA
太阳 公公 它 它 它 它 起来 了,36,child,它, 了
毛毛虫 想 站 起来 但是 站 不 起来,48,child,站, 但是 站 不 起来
然后 它 一 天 早上 它 要 起来,48,child,要,NA
但是 站 不 起来,48,adult,站,NA
然后 还有 很 多 太阳 升 起来 了,48,child,升, 了
有 一 天 太阳 升 起来 了 有 个 毛毛虫 慢慢 地 爬 起来,48,child,升, 了 有 个 毛毛虫 慢慢 地 爬 起来
暖暖 的 太阳 升 起来 了,48,child,升, 了
太阳 又 升 起来 了,48,child,升, 了
太阳 升 起来 了,48,adult,升, 了
嗯 太阳 公公 升 起来 了,48,child,升, 了
太阳 升 起来 了,48,child,升, 了
这 是 想 不 起来,48,child,想,NA
想 不 起来 啊,48,adult,想, 啊
太阳 升 起来 了,48,child,升, 了
有 一 个 有 一 天 太阳 升 起来 了,60,child,升, 了
后来 毛毛虫 起来 了,60,child,虫, 毛毛虫 起来 了
后来 太阳 公公 真 的 升 起来,60,child,升, 太阳 公公 真 的 升 起来
有 一 天 小 毛毛 有 一 只 小 小 毛毛虫 它 看见 太阳 刚 升 起来,60,child,升,NA
太阳 升 起来 了,60,child,升, 了
噢 太阳 升 起来 了,60,adult,升, 了
星期天 早上 太阳 老 公公 升 起来 了,60,child,升, 了
星期天 早晨 暖和 的 太阳 升 起来 了,60,child,升, 了
然后 它 跳 起来 想 抓住 这个 太阳,48,child,跳, 想 抓住 这个 太阳
星期天 早上 暖和 的 太阳 升 起来,60,child,升,NA
一 天 太阳 升 起来 了,60,child,升, 了
太阳 起来 了,60,child,阳, 了
星期天 早上 暖和 的 太阳 升 起来 了,60,child,升, 了
早上 太阳 起来 了,60,adult,阳, 了
星期天 早上 温和 的 阳光 升 起来 了,72,child,升, 了
在 一 天 的 晚上 月亮 升 起来 了 树叶 长 出来 了,72,child,升, 了 树叶 长 出来 了
现在 月亮 升 起来,60,child,升,NA
它 起来 了,60,child,它, 了
毛毛虫 站 起来 了,72,child,站, 了
太阳 公公 升 起来 了,72,child,升, 了
毛毛虫 起来 吃 早饭 的 时候 就 吃 了 苹果,72,child,虫, 吃 早饭 的 时候 就 吃 了 苹果
最后 太阳 升 了 起来,72,child,升,NA
月亮 升 起来 了,72,child,升, 了
噢 月亮 升 起来 了,72,adult,升, 了
星期天 早上 暖和 的 太阳 升 起来 了,72,child,升, 了
太阳 升 起来 了,72,child,升, 了
哦 太阳 升 起来 了,72,adult,升, 了
星期天 早晨 暖 暖和 的 太阳 升 起来 了,72,child,升, 了
然后 呢 第 二 天 早上 起来 了 毛毛虫 爬 到 山 上 去,72,child,上, 了 毛毛虫 爬 到 山 上 去
星期天 早上 温暖 的 太阳 升 起来 了,72,child,升, 了
然后 太阳 要 升 起来 的 时候 毛毛虫 就 然后 毛毛虫 就 从 里面 爬 出来 了,72,child,升, 的 时候 毛毛虫 就 然后 毛毛虫 就 从 里面 爬 出来 了
到 早上 了 呃 一 个 毛毛虫 起来 了,72,child,虫, 了
一 个 毛毛虫 起来 了,72,adult,虫, 了
太阳 升 起来 了,72,child,升, 了
刘思彤 那里 有 一 本 故事 书 嗯 你 把 它 拿 起来 自己 先 看 一 遍 好 吗,48,adult,拿, 自己 先 看 一 遍 好 吗
嗯 自己 翻 没关系 把 它 衣 袖 弄 起来 哎 好 的,48,adult,弄, 哎 好 的
就是 就是 给 他 抓 起来 的,48,child,抓, 的
给 他 抓 起来 的 是 吧,48,adult,抓, 的 是 吧
然后 这 个 又 抱 起来 了 又 下来 了 然后 这 个 房子 又 跑 到 这 个 房子 这里 来 了,48,child,抱, 了 又 下来 了 然后 这 个 房子 又 跑 到 这 个 房子 这里 来 了
狼 来 了 居然 想 要 敲 马 了 马 就 叫 起来 了,48,child,叫, 了 居然 想 要 敲 马 了 马 就 叫 起来 了
一 个 眼睛 蒙 起来 一 个 眼睛 看到,48,child,蒙, 一 个 眼睛 看到
猫头鹰 飞 了 他 叫 起来 一 个 小 火柴 盒 还有 楼梯 还有 怪 兽 还有 家,48,child,叫, 一 个 小 火柴 盒 还有 楼梯 还有 怪 兽 还有 家
这里 有 一 个 马 他 把 轮 胎 砍 碎 了 这样 车 就 开 不 起来 了,48,child,开, 了
然后 他们 都 举 手 把 都 运 到 那边 去 了 然后 拦 到 一 辆 马 车 然后 把 他 抱 到 床 上去 了 然后 起来 看到 有 这么 多 的 财 宝 他们 也 不 知道 然后 他们 买 了 一 个 房子 把 一 个 小 孩 放 进去 然后 讲 完了,48,child,后, 看到 有 这么 多 的 财 宝 他们 也 不 知道 然后 他们 买 了 一 个 房子 把 一 个 小 孩 放 进去 然后 讲 完了
小 虎 说 今天 带来 两 本 图画 书 我 想 请 你 一 起来 看看,48,adult,一, 两 本 图画 书 我 想 请 你 一 起来 看看
因为 看 起来 马 喜欢 吃,48,child,看, 马 喜欢 吃
这里 后来 发生 光 后来 打 起来 了,48,child,打, 发生 光 后来 打 起来 了
最后 他们 逃 掉 了 喇叭 上 有 东西 想 要 敲 马 了 马 叫 起来 了,48,adult,叫, 了
公主 起来 了,48,child,主, 了
公主 起来 了 嗯,48,adult,主, 了 嗯
这里 发生 了 他们 把 小 女孩 轻轻 的 抱 起来 放 到 家里,48,child,抱, 放 到 家里
不 然 你 把 它 遮 起来 它 就 看 不 见 了 来 继续 后来 呢,48,adult,遮, 它 就 看 不 见 了 来 继续 后来 呢
这里 是 魔法 师 魔法 师 把 三 个 强盗 抓 起来 了,48,child,抓, 了
xxx 小 小 洋娃娃 把 洋娃娃 拿 起来 啦 啦 啦,48,child,拿, 啦 啦 啦
于沐涵 那里 有 一 本 故事 书 你 把 它 拿 起来 自己 看 一 遍 好 吗,48,adult,拿, 自己 看 一 遍 好 吗
来 你 把 它 拿 起来 自己 先 看 一 遍 啊 看 完 了 讲 给 老师 听 吧,48,adult,拿, 你 把 它 拿 起来 自己 先 看 一 遍 啊 看 完 了 讲 给 老师 听 吧
躲 起来,48,child,躲,NA
哦 躲 起来 啊,48,adult,躲, 啊
龚佳妮 你 看 那里 有 一 本 故事 书 你 先 拿 起来 自己 先 看 一 遍 好 吗,48,adult,拿, 自己 先 看 一 遍 好 吗
他 起来 得 到 很多 金 币,48,child,他, 得 到 很多 金 币
毛毛虫 在 起来,48,child,在,NA
老鼠 和 小 朋友 人 一起 起来 了,48,child,起, 了
然后 小姑娘 起来 拿 宝藏 了,48,child,娘, 拿 宝藏 了
接 着 他 又 把 轮子 弄 坏 这里 一 个 人 大 叫 了 起来,48,child,叫,NA
哦 大 叫 了 起来 接 着 怎么样 啦,48,adult,叫, 接 着 怎么样 啦
有 一 个 怪 物 他 发现 摇篮 里 有 一 个 小姑娘 就 把 她 抱 起来,48,child,抱,NA
然后 他 就 睡 在 床 上 然后 他 起来 一 看 吆 这么 多 的 米饭 赶快 抓 来 吃 了,48,adult,他, 一 看 吆 这么 多 的 米饭 赶快 抓 来 吃 了
后来 小朋友 起来 了 xxx,48,child,友, 小朋友 起来 了 xxx
王天浩 那里 有 一 本 故事 书 你 把 它 拿 起来 自己 看 一 遍 好 吗,48,adult,拿, 自己 看 一 遍 好 吗
所以 三 个 强盗 就 用 缓和 的 篷 斗篷 把 她 抱 起来 包 起来 带 走 了,48,child,抱, 包 起来 带 走 了
所以 三 个 强盗 就 用 暖和 的 斗篷 把 她 包 了 起来 带 走 了,48,child,包, 带 走 了
它 起来 一 看 这么 多 金子,48,child,它, 一 看 这么 多 金子
所以 三 个 强盗 就 用 暖和 的 竹 帘 把 包 起来 带 走 了,48,child,包, 带 走 了
一 个 强盗 看到 里面 有 个 小姑娘 后来 他 就 把 她 抱 起来,48,child,抱, 他 就 把 她 抱 起来
然后 她 起来 了 看到 这 个 地方 有 好多 金 宝,60,child,她, 了 看到 这 个 地方 有 好多 金 宝
所以 三 个 强盗 就 用 暖和 的 斗篷 把 她 抱 包 起来 带 走 了,60,child,包, 带 走 了
把 要 把 其他 人 关 起来,60,child,关,NA
哦 要 把 其他 人 抓 起来,60,adult,抓,NA
然后 他们 在 枪 放 这里 喇叭 也 夹 住 然后 用 了 一 个 喇叭 和 一 个 可以 收缩 的 那 个 东西 然后 喇叭 一 吹 之后 就 可以 把 这 个 东西 这 个 武器 给 吹 站 起来 然后 呢 这 几 个 人 过 桥 去 然后 呢 他 一直 对 着 武器 然后 把 这些 人 都 给 吓 跑 了 然后 呢 马 呢 就 他 一 吹 喇叭 然后 就 嘣 那 个 就是 用 哪 个 武器 把 轮胎 给 打断 了,48,child,站, 然后 呢 这 几 个 人 过 桥 去 然后 呢 他 一直 对 着 武器 然后 把 这些 人 都 给 吓 跑 了 然后 呢 马 呢 就 他 一 吹 喇叭 然后 就 嘣 那 个 就是 用 哪 个 武器 把 轮胎 给 打断 了
然后 猎人 没 办法 只好 躲 起来,48,child,躲,NA
只好 躲 起来 了 是 吧,48,adult,躲, 了 是 吧
哎 那里 有 一 本 故事 书 你 先 把 它 拿 起来 自己 看 一 遍 好 吗,48,adult,拿, 自己 看 一 遍 好 吗
马车 也 给 砍 的 声音 吓 死 了 就 奔 了 起来 就 奔 得 越来越 快,48,child,奔, 就 奔 得 越来越 快
后来 就 后来 就 抓 起来 了,48,child,抓, 就 后来 就 抓 起来 了
若 鱼 说 抓 起来 了,48,adult,抓, 了
小 女孩 一 起来 发现 有 一 大 筐 金子 和 银子,48,child,一, 发现 有 一 大 筐 金子 和 银子
他们 三 个 就 用 斗篷 起来 抱 走 了,48,child,篷, 抱 走 了
他 他 要 他 就 把 那个 奇怪 的 喇叭 拉 了 起来,48,child,拉,NA
他 就 拿 着 激光 枪 对 着 两 匹 马 射 了 几 个 弹 然后 他们 就 头 抬 起来 了,48,child,抬, 了
中午 为了 珠宝 的 事情 人家 丢弃 的 小孩 不 快乐 的 快乐 的 不 快乐 的 小孩 和 没 人 要 的 小孩 都 开始 找 了 起来,48,child,找,NA
所在 三 个 强盗 温暖 的 斗篷 把 她 抱 起来 带 走 了,48,child,抱, 带 走 了
都 开始 找 了 起来,48,adult,找,NA
所以 这 三 个 强盗 就 用 暖和 的 暖和 的 斗篷 把 她 抱 起来,48,child,抱,NA
他们 把 所有 去 走 的 小 小孩 不 快乐 的 小孩 和 没 人 要 的 小孩 找 过过 找 起来,48,child,找,NA
二 和 的 豆 什么 的 把 她 包 起来 走 了,48,child,包, 走 了
所以 这 三 个 强盗 就 用 暖和 的 暖和 的 斗篷 把 她 抱 起来,48,child,抱,NA
从前 有 三 个 黑 突 突 的 人 他们 看 起来,72,child,看,NA
起来 了 孩子 们 的 房子 城市 越 多 城市,48,child,NA, 了 孩子 们 的 房子 城市 越 多 城市
所以 三 个 强盗 就 用 暖 的 斗篷 把 她 抱 起来 带 走 了,72,child,抱, 带 走 了
然后 这 三 个 鬼 一 起来 了 马 车 马 车 里 的 人 还有 马,72,child,一, 了 马 车 马 车 里 的 人 还有 马
于是 为了 要 用 这些 财 宝 他们 就 把 不 快乐 的 小孩 没 人 要 的 小孩 全 都 抢 了 起来,72,child,抢,NA
于是 为了 用 这些 财 宝 就 把 所有 所有 走 丢 了 的 小孩 不 快乐 的 小孩 没 人 要 的 小孩 统统 找 了 起来,72,child,找,NA
人 都 被 抓 起来 了,72,child,抓, 了
嗯 后来 早 起来 别 人们 都 被 他们 遭 到 袭击 把 抓 到 车 上 了,72,child,早, 早 起来 别 人们 都 被 他们 遭 到 袭击 把 抓 到 车 上 了
好 啊 睡 了 一 晚上 觉 她 起来 偷偷 地 起来 了,72,child,她, 偷偷 地 起来 了
他们 起来 都 看 以为 这 是 他们 家 不 是 的,72,child,们, 都 看 以为 这 是 他们 家 不 是 的
你 觉得 看 起来 像 什么,72,adult,看, 像 什么
跑 着 跑 着 这里 有 个 树 把 他们 所有 的 马车 都 弄 起来 了,72,child,弄, 了
吹 喇叭 然后 把 马 都 给 跳 起来 了,72,child,跳, 了
你 看 它 眼睛 都 闭 起来 了,14,adult,闭, 了
把 盖子 盖 起来,14,adult,盖,NA
要 不 要 捡 起来 啊,14,adult,捡, 啊
捡 起来 啊,14,adult,捡, 啊
啊 要 站 起来,14,adult,站,NA
开开 来 关 起来,14,adult,关, 关 起来
宝宝 自己 去 把 它 捡 起来,14,adult,捡,NA
哦 装 起来,14,adult,装,NA
捡 起来,14,adult,捡,NA
站 起来 玩,14,adult,站, 玩
去 捡 起来,14,adult,捡,NA
捡 起来,14,adult,捡,NA
捡 起来 妈妈 才 抱,14,adult,捡, 妈妈 才 抱
收 起来,14,adult,收,NA
那 你 抱 好 狗熊 站 起来,14,adult,站,NA
盖 起来,14,adult,盖,NA
装 起来,14,adult,装,NA
妈妈 把 轮子 装 起来,14,adult,装,NA
把 轮子 装 起来,14,adult,装,NA
把 盖子 关 起来,14,adult,关,NA
把 盒子 关 起来,14,adult,关,NA
哟 拎 起来 了,14,adult,拎, 了
我们 把 笔 收 起来,14,adult,收,NA
两 只 耳朵 竖 起来,14,adult,竖,NA
把 纸 捡 起来,14,adult,捡,NA
把 笔 套 起来,14,adult,套,NA
把 纸 捡 起来,14,adult,捡,NA
把 这 个 放 起来,14,adult,放,NA
关 起来,14,adult,关,NA
它 站 起来 了,14,adult,站, 了
来 把 它 关 起来,20,adult,关, 把 它 关 起来
然后 把 它 关 起来,20,adult,关,NA
看 这边 翘 起来 了,20,adult,翘, 了
把 这些 收 起来,20,adult,收,NA
噢 把 盒子 关 起来 了,14,adult,关, 了
掉 地 上 的 收 起来,20,adult,收,NA
捡 起来 呀,20,adult,捡, 呀
薇薇 把 它 捡 起来,20,adult,捡,NA
捡 起来 呀,20,adult,捡, 呀
捡 起来 呀,20,adult,捡, 呀
把 书 捡 起来,14,adult,捡,NA
你 站 起来,20,adult,站,NA
这 个 插 起来,20,adult,插,NA
快 捡 起来,20,adult,捡,NA
快 起来 吧,21,adult,快, 吧
你 站 起来,20,adult,站,NA
起来,20,adult,NA,NA
袁捷 捡 起来,20,adult,捡,NA
捡 起来,20,adult,捡,NA
捡 起来 捡 起来,21,adult,捡, 捡 起来
快 捡 起来,21,adult,捡,NA
捡 起来 放 进 去,20,adult,捡, 放 进 去
捡 起来,21,adult,捡,NA
盖 起来,20,adult,盖,NA
你 会 捡 起来 吧,20,adult,捡, 吧
捡 起来,20,adult,捡,NA
把 书 摆 进 去 盖 起来,21,adult,盖,NA
把 锅 先 盖 起来 啦,21,adult,盖, 啦
把 它 盖 起来,20,adult,盖,NA
捡 起来,20,adult,捡,NA
把 它 拿 起来,21,adult,拿,NA
捡 起来 摆 好,20,adult,捡, 摆 好
装 起来,20,adult,装,NA
站 起来,20,adult,站,NA
你 把 地 上 的 树 捡 起来,21,adult,捡,NA
站 起来,20,adult,站,NA
可以 把 它们 收 起来 了,14,adult,收, 了
关 起来,14,adult,关,NA
这边 再 用力 插 起来,25,adult,插,NA
把 盒子 关 起来,14,adult,关,NA
你 把 它 连 起来 好不好,20,adult,连, 好不好
放 起来,21,adult,放,NA
你 起来,25,adult,你,NA
都 收 起来,21,adult,收,NA
把 这 俩 个 点 连 起来,20,adult,连,NA
来 连 起来,20,adult,连, 连 起来
把 这 个 像 妈妈 这样 拼 起来,26,adult,拼,NA
我们 把 这些 收 起来,21,adult,收,NA
两 个 是 连 起来,20,adult,连,NA
可以 拼 起来 吧,26,adult,拼, 吧
再 拿 一 块 拼 起来,26,adult,拼,NA
壮壮 把 一样 一样 东西 收 起来,21,adult,收,NA
连 起来,20,adult,连,NA
搭 起来 房子 吧,25,adult,搭, 房子 吧
捡 起来,21,adult,捡,NA
你 看看 它 能 不 能 发动 起来,26,adult,动,NA
睡觉 把 盒子 关 起来 好吗,20,adult,关, 好吗
我们 来 关 起来,20,adult,关, 关 起来
赶快 捡 起来,20,adult,捡,NA
拼 起来,25,adult,拼,NA
捡 起来 给 妈妈 啦,20,adult,捡, 给 妈妈 啦
这样 卷 起来,20,adult,卷,NA
你 先 卷 起来,20,adult,卷,NA
这 搭 不 起来 了 吧,26,adult,搭, 了 吧
坦克 你 也 想 不 起来 了,25,adult,想, 了
站 起来,20,adult,站,NA
这么 懒 呀 站 起来,20,adult,站,NA
你 插 起来 好 不 好,25,adult,插, 好 不 好
插 起来,25,child,插,NA
你 想 办法 把 它 也 搭 起来 好不好 呀,25,adult,搭, 好不好 呀
给 它 串 起来,20,adult,串,NA
你 看 怎么 把 两 个 连 起来,25,adult,连,NA
你 想 办法 把 它 搭 起来,25,adult,搭,NA
怎么 把 它们 接 起来,25,adult,接,NA
把 球 捡 起来,20,adult,捡,NA
这样子 连 起来 吧,25,adult,连, 吧
捡 起来,20,adult,捡,NA
你 想 办法 把 它 搭 起来 好不好,25,adult,搭, 好不好
球 收 起来,20,adult,收,NA
笔笔 妈妈 收 起来 了,20,adult,收, 了
你 把 它 拼 起来,25,adult,拼,NA
站 起来,21,adult,站,NA
收 起来,20,adult,收,NA
收 起来,20,adult,收,NA
牛牛 把 右 手 举 起来,14,adult,举,NA
把 它 搭 起来,25,adult,搭,NA
捡 起来,25,adult,捡,NA
两 只 耳朵 竖 起来,20,adult,竖,NA
我们 再 把 这 个 火车 连 起来 吧,25,adult,连, 吧
坐 起来,14,adult,坐,NA
冬冬 你 想 办法 把 车子 连 起来,25,adult,连,NA
先 把 这 两 个 插 起来 吧,25,adult,插, 吧
先 把 这 个 插 起来,25,adult,插,NA
我 把 这些 玩具 放 到 塑料 袋 包 起来,20,adult,包,NA
把 这 个 插 起来 好 不 好,25,adult,插, 好 不 好
把 这 个 红 的 插 起来,25,adult,插,NA
这些 玩具 都 收 起来 了 啊,20,adult,收, 了 啊
收 起来 啦,25,adult,收, 啦
这些 玩具 都 收 起来 了 啊,20,adult,收, 了 啊
把 地 上面 的 那 个 捡 起来,20,adult,捡,NA
把 这 个 笔 捡 起来,20,adult,捡,NA
把 这些 收 起来,25,adult,收,NA
把 这些 都 收 起来,25,adult,收,NA
那 收 起来 吧,20,adult,收, 吧
你 先 把 地 上 的 东西 捡 起来 再 玩,20,adult,捡, 再 玩
盖 起来 再 换 一 个,20,adult,盖, 再 换 一 个
你 把 这 笔帽 放 起来,21,adult,放,NA
够 不 着 站 起来 啊,25,adult,站, 啊
笔帽 套 起来,21,adult,套,NA
嗯 套 起来,21,adult,套,NA
把 它 拎 起来,25,adult,拎,NA
先 收 好 放 起来 好 不 好,25,adult,放, 好 不 好
你 再 放 起来,25,adult,放,NA
这 是 吸 起来,21,adult,吸,NA
你 把 这 两 个 拼 起来,26,adult,拼,NA
躲 起来 了,21,adult,躲, 了
然后 把 盒子 关 起来,26,adult,关,NA
你 把 盒子 关 起来,26,adult,关,NA
捡 起来,25,adult,捡,NA
还 捡 得 起来,26,adult,得,NA
把 纸 捡 起来,25,adult,捡,NA
站 起来,32,child,站,NA
先 把 这 个 收 起来,25,adult,收,NA
你 扶 他 起来,26,adult,他,NA
把 它 捡 起来,20,adult,捡,NA
捡 起来 呀,20,adult,捡, 呀
接 起来,26,adult,接,NA
帮 妈妈 把 这 个 放 进 去 收 起来 好不好,26,adult,收, 好不好
你 还 能 接 起来 啊,26,adult,接, 啊
文文 先 把 下面 搭 起来,32,adult,搭,NA
才 玩 又 放 起来 了,26,adult,放, 了
把 积木 都 收 起来,32,adult,收,NA
你 收 起来 妈妈 再 帮 你 收,32,adult,收, 妈妈 再 帮 你 收
放 起来,32,adult,放,NA
关 起来 了,32,adult,关, 了
那 把 它 收 起来,32,adult,收,NA
把 玩具 收 起来,32,adult,收,NA
小 孔雀 开 起来,26,adult,开,NA
把 笔 收 起来,25,adult,收,NA
把 它 收 起来 啦,32,adult,收, 啦
把 它 收 起来 啊,20,adult,收, 啊
先 把 蜡笔 上 起来 吧,32,adult,上, 吧
把 那边 一 个 小 积木 捡 起来,32,adult,捡,NA
你 喊 它 起来 吃 饭 吧,25,adult,它, 吃 饭 吧
把 积木 收 起来,32,adult,收,NA
给 妈妈 再 收 起来,20,adult,收,NA
早上 起来 洗洗 脸 好 不 好,25,adult,上, 洗洗 脸 好 不 好
那 你 自己 套 起来,20,adult,套,NA
把 积木 收 起来 吧,32,adult,收, 吧
那 你 把 这 支 笔 收 起来,20,adult,收,NA
站 起来,20,adult,站,NA
搭 不 起来 呀,32,adult,搭, 呀
还 可以 飞 起来,32,child,飞,NA
其实 把 球 提 起来 再 拍,20,adult,提, 再 拍
你 去 把 球 提 起来,20,adult,提,NA
你 要 把 它 拾 起来,25,adult,拾,NA
站 起来,32,adult,站,NA
拿 起来,21,adult,拿,NA
那 我们 把 这 个 收 起来 好吗,21,adult,收, 好吗
把 它 盖 起来,25,adult,盖,NA
你 看 游 了 起来,21,adult,游,NA
把 它 关 起来,21,adult,关,NA
把 你 这 个 笔 收 起来 你 再 去 拿,20,adult,收, 你 再 去 拿
那 你 要 把 它 收 起来,32,adult,收,NA
xxx 把 这 个 收 起来,32,adult,收,NA
把 笔 收 起来 再 搭 积木,32,adult,收, 再 搭 积木
站 起来 教 狗 能够 跳 舞 吧,32,adult,站, 教 狗 能够 跳 舞 吧
起来 起来,20,adult,来, 起来
盖 起来 啊,25,adult,盖, 啊
把 套子 套 起来,26,adult,套,NA
你 站 起来 跳 呀,32,adult,站, 跳 呀
把 笔 收 起来 再 玩 好不好,26,adult,收, 再 玩 好不好
我们 把 这 个 玩具 拿 起来 看看,26,adult,拿, 看看
把 皮球 装 起来 了 好 不 好,25,adult,装, 了 好 不 好
我 把 皮球 装 起来,25,adult,装,NA
搭 不 起来,32,child,搭,NA
搭 不 起来 这 个 高 的,32,adult,搭, 这 个 高 的
来 我们 收 起来 吧,32,adult,收, 我们 收 起来 吧
狗熊 让 狗熊 坐 起来 吧,32,adult,坐, 吧
先 把 这 个 收 起来,32,adult,收,NA
咱们 那 个 把 它 配 起来 好不好,25,adult,配, 好不好
哟 这 个 笔 怎么 也 不 收 起来 呀,25,adult,收, 呀
我 收 起来,25,child,收,NA
把 笔 套 起来,26,adult,套,NA
玩 好嘞 玩具 要 收 起来,32,adult,收,NA
把 它 套 起来,25,adult,套,NA
收 起来,32,adult,收,NA
那 你 把 它 搭 起来,26,adult,搭,NA
这 个 就 把 它 放 起来,25,adult,放,NA
把 这 收 起来,32,adult,收,NA
快 拿 起来,32,adult,拿,NA
把 这 个 放 起来 吧,32,adult,放, 吧
小 白 免 起来 了,26,child,免, 了
站 起来,20,adult,站,NA
盖 起来,25,adult,盖,NA
那 你 把 这些 收 起来 吧,32,adult,收, 吧
我们 一起 来 打 起来,32,adult,打, 打 起来
玩 不 起来 了,25,adult,玩, 了
你 会 不 会 把 它 关 起来,32,adult,关,NA
你 把 那 支 黄 的 捡 起来 吧,25,adult,捡, 吧
妈妈 把 它 放 进 去 再 放 那 个 关 起来 啊,21,adult,关, 啊
把 它 装 起来 好不好,25,adult,装, 好不好
你 先 把 东西 收 起来,25,adult,收,NA
把 笔 装 起来,25,adult,装,NA
躲 起来 了,26,child,躲, 了
放 起来 吧,32,adult,放, 吧
妈妈 我 起来,32,child,我,NA
它 和 我们 家 的 狗 宝宝 比 起来 谁 大 呀,25,adult,比, 谁 大 呀
妈妈 收 起来 了,25,adult,收, 了
先 把 这些 收 起来 好不好,25,adult,收, 好不好
装 起来,25,adult,装,NA
好 装 起来,25,adult,装,NA
我们 把 纸 收 起来,25,adult,收,NA
盖 起来,32,adult,盖,NA
关 起来,32,adult,关,NA
有 纸 帮 妈妈 捡 起来,25,adult,捡,NA
装 起来,25,adult,装,NA
放 这 里面 收 起来,25,adult,收,NA
哎 那 个 现在 玩 不 起来,25,adult,玩,NA
捡 起来,20,adult,捡,NA
怎么 样 把 球 打 起来,25,adult,打,NA
去 捡 起来,25,adult,捡,NA
布娃娃 玩具 都 收 起来 了,26,child,收, 了
那 我们 收 起来 了,25,adult,收, 了
收 起来 了,25,adult,收, 了
一 个 一 个 套 起来 好不好,25,adult,套, 好不好
给 你 收 起来,25,adult,收,NA
你 拿 根 绳子 把 它 串 起来 好不好,25,adult,串, 好不好
装 起来 吧,25,adult,装, 吧
你 把 这 个 装 起来,25,adult,装,NA
盖 起来,25,adult,盖,NA
哎 捡 起来 吧,25,adult,捡, 吧
猜猜 看 妈妈 藏 起来 那 个 颜色 是 什么 颜色 呀,26,adult,藏, 那 个 颜色 是 什么 颜色 呀
藏 起来 的 是 绿 颜色,26,adult,藏, 的 是 绿 颜色
妈妈 藏 起来 的 是 哪 个 颜色 呀,26,adult,藏, 的 是 哪 个 颜色 呀
妈妈 藏 起来 的 是 什么 颜色 呀,26,adult,藏, 的 是 什么 颜色 呀
都 藏 起来,26,child,藏,NA
噢 都 藏 起来,26,adult,藏,NA
好 的 竖 起来,26,adult,竖,NA
老鼠 的 名字 妈妈 没 想 起来,26,adult,想,NA
然後 開始 用 他 那 根 細細 亮亮 的 線 織網 起來 了,29,adult,NA,NA
真的 耶 而 他 真的 是 今天 五點 多 起來 理論上 現在 應該 是 會 想 睡覺,18,adult,NA,NA
收 起來 好 不 好 我們 看 阿丁 好 不 好,22,adult,NA,NA
唉呀 屁股 痛 起來,22,adult,NA,NA
哇 跑 掉 了 去 撿 回來 撿 起來 啊 那邊 嘉嘉 去 撿 看到 沒有,22,adult,NA,NA
真的 我 那時 覺得 他 兩 站 起來 差不多 高 嘉嘉 來,18,adult,NA,NA
他 看 我們 也 要 這樣 做 嘉嘉 站 起來,18,adult,NA,NA
你 要 站 起來 喝,22,adult,NA,NA
站 起來,22,child,NA,NA
不 看 收 起來 好 不 好 byebye nono,22,adult,NA,NA
站 起來 裙子 不 方便,18,adult,NA,NA
那 個 喔 好 站 起來 換 你,18,adult,NA,NA
餅乾 掉 了 餅乾 掉 了 掉 了 喔 撿 起來,18,adult,NA,NA
這 要 不 要 收 起來 馬上 要 吃飯 了 等一下 不 吃飯 了,18,adult,NA,NA
來 站 起來 嘉嘉,18,adult,NA,NA
趕快 照 起來,18,adult,NA,NA
嘉嘉 舉 起來 放 這裡 對 這樣子 舉 高高 的,18,adult,NA,NA
那 你 帮 阿姨 把 它 收 起来 好不好,47,adult,收, 好不好
这 个 拼 起来,36,adult,拼,NA
你 先 把 这 个 拼 起来 好 不 好 啊,36,adult,拼, 好 不 好 啊
把 这 个 盖子 盖 起来 给 小 熊 吃 饭,36,adult,盖, 给 小 熊 吃 饭
这 拼 起来,36,adult,拼,NA
才能 拼 的 起来,36,child,的,NA
奥 才能 拼 的 起来 对吗,36,adult,的, 对吗
你 要 拿 这 个 东西 才能 拼 的 起来,36,child,的,NA
玩 过 了 以后 要 收 起来,36,adult,收,NA
玩 过 后 要 把 它 收 起来,36,adult,收,NA
我 拍 你 能 不 能 数 得 起来,36,adult,得,NA
你 站 起来 拍,36,adult,站, 拍
盖子 盖 起来,36,adult,盖,NA
快 把 它 捡 起来,36,child,捡,NA
你 先 把 这 拼 起来 好 不 好 啊,36,adult,拼, 好 不 好 啊
我 想 不 起来 了,36,child,想, 了
你 看 这 个 小 兵 站 起来 了,36,adult,站, 了
把 四 个 四 个 拼 起来 就是 一 圆 的,36,adult,拼, 就是 一 圆 的
起来 吧 坐 在 椅子 上,36,adult,NA, 吧 坐 在 椅子 上
竖 起来 的 吧,36,adult,竖, 的 吧
是 不是 要 竖 起来 的,36,adult,竖, 的
站 不 起来,36,child,站,NA
这 个 你 把 它 搭 站 起来,35,adult,站,NA
搭 站 起来,35,adult,站,NA
搭 站 起来 可以 漂亮 一点,35,adult,站, 可以 漂亮 一点
嗯 要 把 它 夹 起来 吃,36,child,夹, 吃
哦 要 把 它 夹 起来 吃 啊,36,adult,夹, 吃 啊
我们 把 这 个 收 起来,36,adult,收,NA
好 夹 起来 给 我,36,adult,夹, 给 我
要 收 起来,36,child,收,NA
把 盖子 盖 起来,36,adult,盖,NA
要 收 起来 还原 对啊,36,adult,收, 还原 对啊
收 起来 好吧,35,adult,收, 好吧
我们 把 它 收 起来,35,adult,收,NA
把 它 收 起来 好 不 好,36,adult,收, 好 不 好
把 盖子 盖 起来,35,adult,盖,NA
插 起来,36,adult,插,NA
好 了 把 玩具 收 起来,36,adult,收,NA
拍 不 起来,36,child,拍,NA
妈妈 插 起来,36,adult,插,NA
拍 不 起来 怎么办,36,adult,拍, 怎么办
我 怎么 看 起来 感觉 有点 像 五 哎,36,adult,看, 感觉 有点 像 五 哎
捡 起来,36,adult,捡,NA
站 起来,36,adult,站,NA
抛 起来,36,adult,抛,NA
捡 起来,36,adult,捡,NA
好 盖 起来,36,adult,盖,NA
拍 不 起来 吗,35,adult,拍, 吗
快 捡 起来,36,adult,捡,NA
那 我 加 一 个 把 它 搭 起来,36,adult,搭,NA
把 它 收 起来,35,adult,收,NA
弯 起来,36,adult,弯,NA
先 把 这 个 收 起来,36,adult,收,NA
玩 好 以后 要 把 积木 收 起来,36,adult,收,NA
先 把 这 个 收 起来 然后 才 可以 玩 下 一 个 积木,36,adult,收, 然后 才 可以 玩 下 一 个 积木
照 着 图 把 它 拼 起来,36,adult,拼,NA
这样 走 不 起来 了 哎,36,adult,走, 了 哎
让 它 站 起来 走路 好 不 好,36,adult,站, 走路 好 不 好
这 个 卷 起来 了,36,child,卷, 了
把 它 盖 起来,36,adult,盖,NA
脚 抬 起来,36,adult,抬,NA
把 盒子 盖 起来 盖 好,36,adult,盖, 盖 好
起来,36,adult,NA,NA
毛毛 把 这 个 要 收 起来,36,adult,收,NA
然后 把 这 个 关 起来,36,adult,关,NA
收 起来,36,adult,收,NA
把 这 个 盒子 关 起来,36,adult,关,NA
一定 要 把 这 个 恐龙 搭 起来,36,adult,搭,NA
把 它 扣 起来 啊,36,adult,扣, 啊
想 不 起来 了,36,adult,想, 了
你 把 它 收 起来,36,adult,收,NA
戴 不 起来 呀,36,child,戴, 呀
把 它 收 起来 收 起来,36,adult,收, 收 起来
收 起来,36,adult,收,NA
这 个 这 个 应该 竖 起来 吧,42,adult,竖, 吧
可以 把 它 拼 起来 扔 是吧,36,adult,拼, 扔 是吧
你 给 它 装 起来,36,adult,装,NA
这样 盖 起来 啊,36,adult,盖, 啊
这样 闭 起来,36,child,闭,NA
藏 起来 的,36,adult,藏, 的
是 藏 起来 的 吗,36,adult,藏, 的 吗
来 站 起来,36,adult,站, 站 起来
先 让 他 坐 好 再 让 他 站 起来,36,adult,站,NA
把 它 盖 起来 啦,42,adult,盖, 啦
把 这 个 放 起来,36,adult,放,NA
我们 把 它 涂 起来,36,adult,涂,NA
我们 把 这 个 收 起来 吧,36,adult,收, 吧
收 起来,36,child,收,NA
那 你 把 它 收 起来,42,adult,收,NA
自己 把 它 收 起来,42,adult,收,NA
哦 拣 起来,36,adult,拣,NA
我 把 这 个 机器人 收 起来 了 啊,36,adult,收, 了 啊
你 帮 我 装 起来 好 不 好,36,adult,装, 好 不 好
戴 不 起来 呀,36,child,戴, 呀
然后 把 盒子 盖 起来,36,adult,盖,NA
关 起来,36,child,关,NA
要 玩 这 个 那 你 先 把 这 个 收 起来,42,adult,收,NA
全 搭 起来 了,36,adult,搭, 了
拣 起来,42,adult,拣,NA
要 跟 头 连 起来,36,adult,连,NA
好 把 它 连 起来,36,adult,连,NA
收 起来,36,adult,收,NA
站 不 起来 了,42,child,站, 了
噢 站 不 起来 了,42,adult,站, 了
站 不 起来 你 自己 想 办法,42,adult,站, 你 自己 想 办法
收 起来,36,adult,收,NA
拣 起来,42,adult,拣,NA
叠 起来,42,child,叠,NA
老 蚯蚓 若有所思 把 他 种 起来 说不定 还 能 结 出 什么 美味 的 果子 来 呢,42,adult,种, 说不定 还 能 结 出 什么 美味 的 果子 来 呢
不 玩 把 它 收 起来,36,adult,收,NA
你 要 把 这 个 竖 起来,36,adult,竖,NA
把 盒子 收 起来 吧,42,adult,收, 吧
把 它 拣 起来,42,adult,拣,NA
把 它 收 起来 去 玩 那个,42,adult,收, 去 玩 那个
快 收 起来,36,adult,收,NA
来 摆 起来,36,adult,摆, 摆 起来
把 这 个 接 起来,42,adult,接,NA
你 把 这 个 收 起来,36,adult,收,NA
站 起来 才能 拿 到,36,adult,站, 才能 拿 到
好 把 你 这 个 东西 收 起来,36,adult,收,NA
来 这 个 给 你 贴 起来 好 不 好,36,adult,贴, 这 个 给 你 贴 起来 好 不 好
应该 把 这 个 再 画 起来,36,adult,画,NA
下 玩 我们 就 收 起来 收到 盒子 里面,36,adult,收, 收到 盒子 里面
这 个 再 画 起来,36,adult,画,NA
收 起来 啊,36,adult,收, 啊
啊 赶快 收 起来,42,adult,收,NA
哦 竖 起来 对吧,36,adult,竖, 对吧
它 的 爸爸 妈妈 一 走 这 四 只 皮皮鼠 就 跳 起来 吃 糖,36,adult,跳, 吃 糖
我们 把 它 放 起来,36,adult,放,NA
把 这 个 收 起来 好 不 好,36,adult,收, 好 不 好
玩具 要 把 它 收 起来,36,adult,收,NA
妈妈 给 你 装 起来,42,adult,装,NA
你 把 它 架 起来 好 不 好,36,adult,架, 好 不 好
把 它 盖 起来 啦,42,adult,盖, 啦
你 把 它 头 架 起来 好 不 好,36,adult,架, 好 不 好
装 起来 哦,36,adult,装, 哦
把 积木 收 起来,42,adult,收,NA
自己 把 它 加 起来,42,adult,加,NA
站 不 起来 啊,42,adult,站, 啊
站 不 起来,42,adult,站,NA
这 个 画 不 起来,42,adult,画,NA
起来 起来,42,adult,来, 起来
它 有 点 涂 不 起来 了,42,child,涂, 了
这 个 全部 把 它 拼 起来 啊,42,adult,拼, 啊
盖 起来,36,adult,盖,NA
盖子 把 它 盖 起来,36,adult,盖,NA
脚 应 不 应该 直 起来,42,adult,直,NA
盖 起来,36,adult,盖,NA
这 个 把 它 收 起来 放 到 盒子 里面,36,adult,收, 放 到 盒子 里面
它 站 不 起来,42,adult,站,NA
放 起来,36,adult,放,NA
先 把 这些 收 起来 啊,42,adult,收, 啊
我们 一 起来 做 早 操 好吧,36,adult,一, 做 早 操 好吧
头 抬 起来,42,adult,抬,NA
好 放 到 盒子 里面 把 它 盖子 盖 起来,36,adult,盖,NA
看看 头 能 不 能 抬 起来,42,adult,抬,NA
这 不 摆 起来 了 吗,42,adult,摆, 了 吗
那 你 先 把 纸 还有 画笔 收 起来,42,adult,收,NA
把 盖子 盖 起来,42,adult,盖,NA
先 把 笔 收 起来,42,adult,收,NA
先 把 笔 收 起来 好 不 好,42,adult,收, 好 不 好
你 快 去 捡 起来,42,adult,捡,NA
把 这 个 合 起来,42,adult,合,NA
看 着 把 这 个 叠 起来,42,adult,叠,NA
这样子 涂 把 它 全部 抹 起来,42,child,抹,NA
叠 起来,42,adult,叠,NA
关 不 起来 啦,42,adult,关, 啦
把 它 盖 起来,36,child,盖,NA
把 小 三角 搭 起来,42,adult,搭,NA
自己 收 起来,42,adult,收,NA
收 起来 啊,42,adult,收, 啊
收 起来 不 看 了 是 不是 啊,42,adult,收, 不 看 了 是 不是 啊
在 柜子 上面 四 只 皮皮鼠 又 跳 起来 了,42,adult,跳, 了
那 你 收 起来,42,adult,收,NA
这 盖 不 起来 的,42,adult,盖, 的
这样 摆 不 起来,42,adult,摆,NA
你 每天 起来 还 刷 牙 啊,36,adult,天, 还 刷 牙 啊
盖 起来,42,adult,盖,NA
合 起来,42,adult,合,NA
能 不 能 合 起来,42,adult,合,NA
收 起来 哦,36,adult,收, 哦
收 起来 吧,42,adult,收, 吧
把 盖子 盖 起来,42,adult,盖,NA
它们 没 睡 着 它们 就 爬 起来 了,36,adult,爬, 了
哎 跳 起来,42,adult,跳,NA
把 它 竖 起来 是 这样 的 吗,42,adult,竖, 是 这样 的 吗
妈妈 起来 拿,42,adult,妈, 拿
跳 起来 了,36,adult,跳, 了
这 个 也 跳 起来 了,36,adult,跳, 了
好 把 它 收 起来,42,adult,收,NA
晚上 起来 偷偷地 偷 什么,36,adult,上, 偷偷地 偷 什么
收 起来 了 噢,42,adult,收, 了 噢
这 个 蹦 起来 了,36,adult,蹦, 了
床 上 蹦 起来 了,36,adult,蹦, 了
拣 起来,42,adult,拣,NA
捡 起来,42,adult,捡,NA
把 它 盖 起来,42,adult,盖,NA
站 起来,42,adult,站,NA
把 它 拧 起来,42,adult,拧,NA
嗳 把 它 拧 起来,42,adult,拧,NA
嘴巴 封 起来 了 吗,42,adult,封, 了 吗
是 他们 一 吃 这 个 糖 就 在 床 上 砰 砰 地 跳 起来,42,adult,跳,NA
拼 起来 了 没 有,42,adult,拼, 了 没 有
拼 起来 了 没 有,42,adult,拼, 了 没 有
快 把 画 收 起来,42,adult,收,NA
腾 得 一 下 就 起来 了 是 不是,42,adult,就, 了 是 不是
竖 起来 摆,42,adult,竖, 摆
把 帽子 盖 起来,42,adult,盖,NA
捡 起来,42,adult,捡,NA
我 来 装 起来,42,adult,装, 装 起来
装 起来 吧,42,adult,装, 吧
一 拉 起来,42,adult,拉,NA
看 起来 是,48,adult,看, 是
盖 起来,42,adult,盖,NA
那 把 这 个 收 起来,42,adult,收,NA
我 要 用 它 把 球 拼 起来,48,adult,拼,NA
让 它 站 起来,42,child,站,NA
把 盖子 盖 起来,42,adult,盖,NA
搭 不 起来,48,child,搭,NA
怎么 想 起来 就 说,42,adult,想, 就 说
开开心心 的 吃 起来 了,42,adult,吃, 了
是 你 自己 想 起来 的 吧,48,adult,想, 的 吧
把 它 打 乱 了 再 拼 起来 就 行 了,42,child,拼, 就 行 了
先 把 面 涂 起来,42,adult,涂,NA
一 次 都 把 它 收 起来,42,adult,收,NA
一 次 都 把 它 收 起来,42,adult,收,NA
爸爸 妈妈 一 走 四 只 皮皮鼠 从 床 上 爬 起来,42,adult,爬,NA
一 次 都 把 它 收 起来,42,adult,收,NA
然后 就 呜 呜 地 哭 了 起来,42,adult,哭,NA
你 搭 起来 的 这 个 是 什么 呀,48,adult,搭, 的 这 个 是 什么 呀
插 起来,48,adult,插,NA
然后 把 它 放 起来,48,adult,放,NA
拿 起来,48,adult,拿,NA
你 试 一 下 你 插 起来 的 这 个 是 像 什么 呀,48,adult,插, 的 这 个 是 像 什么 呀
我们 把 它 收 起来 好吧,48,adult,收, 好吧
收 起来 好 不 好 啊,48,adult,收, 好 不 好 啊
收 起来,48,adult,收,NA
然后 白 的 白 的 几 个 收 起来,48,adult,收,NA
收 起来,48,adult,收,NA
小 兔子 不 能 起来,42,child,能,NA
嗳 不 能 起来,42,adult,能,NA
要 不 然 它 竖 不 起来 的,48,adult,竖, 的
它 竖 不 起来,48,adult,竖,NA
好 收 起来,48,adult,收,NA
你 这样 放 纸头 全 被 你 画 起来 了,42,adult,画, 了
你 把 那个 全 收 起来,48,adult,收,NA
数 不 起来,48,child,数,NA
数 不 起来 啊,48,adult,数, 啊
我 画 不 起来 这 个 房子 了,48,child,画, 这 个 房子 了
收 起来,42,adult,收,NA
噢 盖 起来,48,adult,盖,NA
对 盖 起来,48,adult,盖,NA
然后 用 细 铁丝 把 它 绑 起来 了,42,adult,绑, 了
收 起来,48,child,收,NA
先 收 起来,48,adult,收,NA
盖 起来,48,adult,盖,NA
连 起来,48,adult,连,NA
拍 不 起来,48,adult,拍,NA
拍 不 起来 下 次 再 拍 啊,48,adult,拍, 下 次 再 拍 啊
我 拍 不 起来 了,48,child,拍, 了
妈妈 小 球 拍 不 起来,48,child,拍,NA
搭 起来 看 像 什么 啊 好,48,adult,搭, 看 像 什么 啊 好
我 插 起来 的 这 个 像 什么 呀,48,adult,插, 的 这 个 像 什么 呀
这 个 放 起来 对吗,48,adult,放, 对吗
自己 玩 完 了 要 收 起来 对吗,48,adult,收, 对吗
妈 给 你 讲 你 先 把 这 个 边 勾 起来,42,adult,勾,NA
这 个 也 收 起来 不 玩 啦 阿 是 啊,48,adult,收, 不 玩 啦 阿 是 啊
变成 矮 一点 的 房子 造 起来 好 不 好,48,adult,造, 好 不 好
四 只 皮皮鼠 就 跳 起来 了 吃 跳跳糖 了,48,adult,跳, 了 吃 跳跳糖 了
拼 起来,48,adult,拼,NA
这样 竖 起来 变成 了 什么 呀,48,adult,竖, 变成 了 什么 呀
爸爸 妈妈 一 走 他们 就 玩 起来 了 哦,48,adult,玩, 了 哦
把 眼睛 闭 起来 了,42,adult,闭, 了
闭 起来 了,42,adult,闭, 了
腾 得 一 下 就 起来 了 是 不是,42,adult,就, 了 是 不是
把 笔 收 起来,42,adult,收,NA
好 收 起来,42,adult,收,NA
把 它 收 起来,42,adult,收,NA
收 起来,42,adult,收,NA
收 起来,42,adult,收,NA
收 起来,42,adult,收,NA
把 它 给 收 起来,42,adult,收,NA
把 你 的 画 也 收 起来,42,adult,收,NA
把 图 收 起来,48,child,收,NA
好 把 全部 收 起来,48,adult,收,NA
收 起来,42,adult,收,NA
盖 起来,42,adult,盖,NA
全部 收 起来,48,child,收,NA
来 把 它们 全部 放 起来,48,adult,放, 把 它们 全部 放 起来
把 它 拼 起来,48,adult,拼,NA
把 它 放 起来,48,adult,放,NA
把 这 个 放 起来 好吗,48,adult,放, 好吗
把 它 捡 起来,42,adult,捡,NA
拍 起来,48,adult,拍,NA
把 它 扶 起来,48,adult,扶,NA
站 起来,48,adult,站,NA
把 那个 捡 起来,48,adult,捡,NA
我们 一 个 还 没 搭 起来,48,adult,搭,NA
把 蜡笔 收 起来 了 啊,48,adult,收, 了 啊
我们 一 个 也 没 搭 起来,48,adult,搭,NA
把 那个 收 起来,48,adult,收,NA
快 捡 起来,48,adult,捡,NA
收 起来 吧,48,adult,收, 吧
把 积木 收 起来,48,adult,收,NA
好 把 蜡笔 收 起来,48,adult,收,NA
那 你 把 它 放 起来,48,adult,放,NA
那 我们 试 着 把 它 玩 起来 好 不 好,48,adult,玩, 好 不 好
把 它们 一起 拼 起来,48,adult,拼,NA
然后 你 想 不 想 让 它 飞 起来,48,adult,飞,NA
然后 就 东张张西望望 然后 就 哼哼唧唧 地 哭 了 起来,48,adult,哭,NA
拼 起来,48,adult,拼,NA
看 怎么 把 它 拼 起来,48,adult,拼,NA
把 它 收 起来,48,adult,收,NA
收 起来 吧,48,adult,收, 吧
看 能 不 能 拍 起来,48,adult,拍,NA
脚 起来 了,48,child,脚, 了
哎哟 把 脚 抬 起来 了,48,adult,抬, 了
还 用 铁丝 绑 起来,48,adult,绑,NA
你 看 用 铁丝 把 它 捆 了 起来 了,48,adult,捆, 了
玩 一下 我们 就 收 起来,48,adult,收,NA
把 它 涂 起来,48,child,涂,NA
要 把 它 涂 起来,48,child,涂,NA
兔 圆圆 起来,48,adult,圆,NA
连 起来,48,adult,连,NA
然后 就 哼哼唧唧 地 哭 了 起来,48,adult,哭,NA
连 起来,48,adult,连,NA
来 站 起来,48,adult,站, 站 起来
捡 起来 拍 几 下,48,adult,捡, 拍 几 下
这 个 纸 翘 起来 了,48,adult,翘, 了
收 起来 吧,48,adult,收, 吧
脚 还 没 画 起来,48,adult,画,NA
白 鹅 妈妈 走 了 以后 小 星星 又 哼哼唧唧 地 哭 了 起来,48,adult,哭,NA
把 那个 三角形 捡 起来,48,adult,捡,NA
收 起来 吧,48,adult,收, 吧
站 起来,48,adult,站,NA
把 盖子 盖 起来,48,adult,盖,NA
有 什么 办法 把 它 装 起来,48,adult,装,NA
吃 跳跳糖 跳 起来 了,48,adult,跳, 了
头 抬 起来,48,adult,抬,NA
妈妈 他 眼睛 怎么 闭 起来 了,48,child,闭, 了
小朋友 眼睛 怎么 闭 起来 啦,48,child,闭, 啦
他 没 有 闭 起来,48,adult,闭,NA
快 拿 起来,48,adult,拿,NA
把 盖子 插 起来,48,adult,插,NA
一 冷 眼睛 就 闭 起来 了,48,adult,闭, 了
它们 脚 可以 并 起来 成 这 个 样子,48,adult,并, 成 这 个 样子
把 这 个 纸 叠 起来,48,adult,叠,NA
把 它 投 起来,48,child,投,NA
但是 你 要 想想 怎样 才能 把 这 个 玩具 装 起来 呢,48,adult,装, 呢
好 把 盖子 盖 起来,48,adult,盖,NA
来 搭 起来,54,adult,搭, 搭 起来
妈妈 告诉 你 把 它 全部 围 起来,54,adult,围,NA
为什么 要 把 嘴巴 捂 起来,48,adult,捂,NA
围 起来,54,adult,围,NA
拼 起来,48,adult,拼,NA
拼 起来,48,adult,拼,NA
那 把 它 收 起来 吧,48,adult,收, 吧
天空 中 的 太阳 早晨 太阳 升 起来 的 时候 什么 颜色,48,adult,升, 的 时候 什么 颜色
把 这 个 放 起来,48,adult,放,NA
把 它 这 个 站 起来,48,child,站,NA
噢 他 是 用 小 细 的 铁丝 一 捆 一 捆 把 他 捆 起来 的 不 让 乌龟 壳 掉 下来,48,adult,捆, 的 不 让 乌龟 壳 掉 下来
把 这 个 收 起来,48,adult,收,NA
把 这 个 放 起来,48,adult,放,NA
把 它 把 它 脸 捆 起来 干 什么 呀,48,child,捆, 干 什么 呀
画 好 给 妈妈 带 回家 贴 起来 是 不是,48,adult,贴, 是 不是
不管 怎么样 我们 待会 贴 起来 好 不 好,48,adult,贴, 好 不 好
要 用 铁丝 把 它 捆 起来 让 它 站 住,48,adult,捆, 让 它 站 住
收 起来 吧,48,adult,收, 吧
收 起来,48,adult,收,NA
把 这 个 收 起来,54,adult,收,NA
我 想 不 起来 鱼 就 画 小 火车 吧,54,child,想, 鱼 就 画 小 火车 吧
这 个 这 个 收 起来,48,adult,收,NA
好 把 箱子 盖 起来,48,adult,盖,NA
安 不 起来,54,child,安,NA
安 不 起来,54,child,安,NA
你 看 哪里 还 缺 就 把 它 补 起来 哦,54,adult,补, 哦
你 把 这 四 个 扇形 拼 起来,54,adult,拼,NA
咱们 把 这 个 东西 收 起来 啊,48,adult,收, 啊
把 它 种 起来 说不定 还 能 结 出 什么 美味 的 果子 呢,48,adult,种, 说不定 还 能 结 出 什么 美味 的 果子 呢
把 它 拼 起来 拼 起来,54,adult,拼, 拼 起来
你 把 它 提 起来 就 可以 了,54,adult,提, 就 可以 了
大家 热火朝天 地 干 了 起来,48,adult,干,NA
我们 收 起来 吧,54,adult,收, 吧
跳 起来 了,48,adult,跳, 了
然后 啊 就 哼哼唧唧 的 哭 了 起来,54,adult,哭,NA
它 怎么 会 哭 起来 呢,54,adult,哭, 呢
起来 啦,54,child,NA, 啦
起来 之后 了 怎样 呢,54,adult,NA, 之后 了 怎样 呢
小 星星 掉 在 大 街 上 它 东张张西望望 然后 就 哼哼唧唧 的 哭 起来,54,adult,哭,NA
这 我 收 起来,48,adult,收,NA
这 个 跳跳糖 一 吃 砰 砰 就 跳 起来 了,48,adult,跳, 了
就是 这 个 跳跳糖 一 吃 就 砰 砰 起来 了,48,adult,砰, 了
哎 机器人 站 起来 了,54,adult,站, 了
把 这 个 收 起来,54,adult,收,NA
嗯 并 起来,54,adult,并,NA
并 起来,54,adult,并,NA
去 把 它 拣 起来 吧,54,adult,拣, 吧
我 也 想 不 起来 蓝 颜色 有 什么 动物,48,adult,想, 蓝 颜色 有 什么 动物
收 起来,54,adult,收,NA
你 不 玩 收 起来,54,adult,收,NA
哎 你 不 玩 收 起来,54,adult,收,NA
小 星星 啊 又 哼哼唧唧 的 哭 了 起来,54,adult,哭,NA
这 象 不 起来 嘛,54,child,象, 嘛
那 你 把 这 个 放 起来 好 不 好,48,adult,放, 好 不 好
去 拣 起来,54,child,拣,NA
嗯 把 这 个 收 起来,54,adult,收,NA
白 鹅 妈妈 走 了 小 星星 还 是 哼哼唧唧 的 哭 起来 了,54,adult,哭, 了
嗯 你 画 起来 的 这 一 只 皮皮鼠 在 干 嘛 啊,48,adult,画, 的 这 一 只 皮皮鼠 在 干 嘛 啊
快 捡 起来,54,adult,捡,NA
拿 不 起来,54,adult,拿,NA
把 这 七 排 起来 啊 嗯,54,adult,排, 啊 嗯
然后 就 哼哼唧唧 地 哭 了 起来,48,adult,哭,NA
你 把 它 收 起来 吧,54,adult,收, 吧
抛 起来,54,adult,抛,NA
它 闭 起来 了,54,child,闭, 了
它 闭 起来 了,54,child,闭, 了
爸爸 妈妈 又 跑 起来 看 了,48,adult,跑, 看 了
眼睛 它 要 闭 起来,54,child,闭,NA
我 现在 把 东西 收拾 起来,48,child,拾,NA
宝宝 我们 把 它 收 起来 了,54,adult,收, 了
收 起来 吧,54,adult,收, 吧
收 起来,54,child,收,NA
你 把 它 收 起来,54,adult,收,NA
宝宝 把 它 的 颜色 涂 起来 好 不 好 啊,54,adult,涂, 好 不 好 啊
怎么 拍 的 起来 呢,54,child,的, 呢
你 看 这 个 整个 都 包 起来 了 是 不是 啊,48,adult,包, 了 是 不是 啊
你 代 我 拼 起来,54,child,拼,NA
拍 不 起来,54,child,拍,NA
拍 不 起来,54,child,拍,NA
砰 砰 跳 起来 了,48,adult,跳, 了
拍 不 起来,54,adult,拍,NA
站 起来,54,adult,站,NA
把 它 收 起来,54,adult,收,NA
把 小 星星 捆 起来,48,adult,捆,NA
他 把 他 捆 起来,48,child,捆,NA
又 在 橱子 上面 砰 砰 跳 起来 了,48,adult,跳, 了
摆 起来,54,adult,摆,NA
拍 不 起来,54,child,拍,NA
可是 搭 不 起来 啊,54,child,搭, 啊
先 把 这 个 头 搭 起来,54,adult,搭,NA
这 个 球 站 不 起来 吧,54,adult,站, 吧
收 起来,58,adult,收,NA
上 床 睡觉 怎么 又 会 跳 起来 了,54,adult,跳, 了
那 妈妈 把 这 个 收 起来 了 啊,54,adult,收, 了 啊
挂 起来,48,adult,挂,NA
它们 爬 起来 吃 跳跳糖 了,54,adult,爬, 吃 跳跳糖 了
小 星星 又 哼哼唧唧 地 哭 了 起来,48,adult,哭,NA
挡 起来,60,child,挡,NA
把 小 树 木头 把 这 个 小 树 给 挡 起来,60,child,挡,NA
四 只 皮皮鼠 起来 刷 好 牙 起来,54,adult,鼠, 刷 好 牙 起来
头 也 摔 疼 了 膀子 也 摔 断 了 尾巴 也 竖 起来 了 对 不 对,54,adult,竖, 了 对 不 对
它 又 在 房间 里面 跳 起来 了,48,adult,跳, 了
你 怎么 想 起来 的,60,adult,想, 的
把 它 拼 起来,54,adult,拼,NA
再 找 把 它 拼 起来,54,adult,拼,NA
全部 做 起来 了,60,adult,做, 了
要 把 它 连 起来 啊,60,adult,连, 啊
周景 把 它 收 起来 吧,54,adult,收, 吧
那个 做 不 起来 了,60,adult,做, 了
红色 的 做 不 起来 了,60,adult,做, 了
盖 起来 啊,54,child,盖, 啊
把 这边 两 个 也 搭 起来,54,adult,搭,NA
然后 再 找 其余 的 搭 起来,60,adult,搭,NA
怎么 装 起来,60,adult,装,NA
那 个 靠 起来,60,adult,靠,NA
好 把 它 收 起来,60,adult,收,NA
噢 我 想 不 起来 了,54,child,想, 了
把 套子 装 起来,58,adult,装,NA
把 这 个 再 拼 起来,54,adult,拼,NA
你 看 我 一 个 放 上去 其他 的 就 翘 起来 了,60,adult,翘, 了
盖 起来,60,adult,盖,NA
这样 盖 不 起来 了,54,adult,盖, 了
盖 起来,60,adult,盖,NA
砰 又 跳 起来 了 对吧,54,adult,跳, 了 对吧
插 起来 是 不 是 呀,60,adult,插, 是 不 是 呀
把 这 个 收 起来,58,adult,收,NA
这 个 要 扣 起来,58,child,扣,NA
把 这 个 蒙 起来 才 是 子 呢,54,adult,蒙, 才 是 子 呢
然后 呢 就 在 衣柜 上面 乒乒乓乓 又 跳 起来 了,54,adult,跳, 了
这 个 半边 捂 起来 才 是 子,54,adult,捂, 才 是 子
不 知道 你 还 能 拼 起来 呀,60,adult,拼, 呀
你 看 我 马上 就 要 拼 起来 了,60,adult,拼, 了
他们 跳 起来 了,58,child,跳, 了
插 起来,60,adult,插,NA
来 把 这 个 收 起来,54,adult,收, 把 这 个 收 起来
然后 啊 就 哼唧哼唧 地 哭 了 起来,54,adult,哭,NA
拣 起来,60,adult,拣,NA
拣 起来,60,adult,拣,NA
把 这 个 收 起来,54,adult,收,NA
呜呜 哭 起来,54,adult,哭,NA
吃 了 跳跳糖 就 跳 起来 了,58,adult,跳, 了
看 我 拼 起来 了 吧,60,adult,拼, 了 吧
摆 不 起来 了 吗,60,adult,摆, 了 吗
把 这 个 纸 也 折 起来,54,adult,折,NA
把 折 起来,54,adult,折,NA
妈妈 把 它 盖 起来,54,adult,盖,NA
这 个 摆 不 起来 了,60,adult,摆, 了
然后 就 哭 起来 了,60,adult,哭, 了
插 起来,54,adult,插,NA
妈妈 拆 起来 了,60,adult,拆, 了
先 把 这 个 搞 起来,61,adult,搞,NA
用 细 铁丝 把 他 捆 起来 了,60,adult,捆, 了
先 把 这 个 安 起来,60,adult,安,NA
把 它 拼 起来,60,adult,拼,NA
好好 的 把 它 装 起来,54,adult,装,NA
拍 不 起来 了 吧,60,adult,拍, 了 吧
让 它 站 起来,60,adult,站,NA
你 举 起来,60,adult,举,NA
腿 站 起来,60,adult,站,NA
应该 这 个 样子 把 它 搭 起来,60,adult,搭,NA
摆 起来 啊,60,adult,摆, 啊
这 个 小 星星 啊 又 是 哼唧哼唧 地 哭 起来 了,54,adult,哭, 了
嗯 搭 不 起来,60,child,搭,NA
把 它 扶 起来,60,adult,扶,NA
搭 不 起来 妈妈 来 帮助,60,adult,搭, 妈妈 来 帮助
可是 变 不 起来 啊,54,child,变, 啊
你 再 把 它 重新 插 起来,60,adult,插,NA
都 绑 起来 了 吧,58,adult,绑, 了 吧
你 要 把 它 连 起来,60,child,连,NA
你 要 把 它 连 起来,60,child,连,NA
他们 看 起来 好像 是 睡觉,60,adult,看, 好像 是 睡觉
拿 不 起来 了,60,child,拿, 了
连 起来 就 砸 不 碎 了,60,child,连, 就 砸 不 碎 了
我 想 你 应该 能 摆 起来,60,adult,摆,NA
这 样子 也 可以 连 起来 是 吧,54,adult,连, 是 吧
他们 跳 起来 是 因为 爸爸 妈妈 在 哪里 呀,60,adult,跳, 是 因为 爸爸 妈妈 在 哪里 呀
哎 不是 关 起来 了 嘛,60,adult,关, 了 嘛
绿 颜色 还 没 把 它 拼 起来,60,child,拼,NA
它 还 能 站 起来 还 能 站 起来,60,child,站, 还 能 站 起来
他 就 哭 起来,60,adult,哭,NA
他 就 哭 起来 了 对吧,60,adult,哭, 了 对吧
飞机 刚 飞 起来,60,child,飞,NA
拼 起来,60,adult,拼,NA
把 这 笔 给 你 收 起来,60,adult,收,NA
把 这 个 盖 起来,54,adult,盖,NA
把 盖子 盖 起来,54,adult,盖,NA
把 它 收 起来,60,adult,收,NA
把 东西 放 起来,60,adult,放,NA
捡 起来,60,adult,捡,NA
我 先 把 他 搭 起来,60,adult,搭,NA
把 头 抬 起来,60,adult,抬,NA
那 我们 把 这 个 玩具 收 起来,60,adult,收,NA
怎么 变 不 起来 啊,54,child,变, 啊
把 这些 玩具 收 起来,60,adult,收,NA
收 起来,60,adult,收,NA
怎么 变 起来 啊,54,child,变, 啊
站 起来,60,adult,站,NA
如果 用 白 颜色 画 起来 怎么样,60,adult,画, 怎么样
一 道 一 道 画 起来,60,adult,画,NA
把 它 套 起来,60,adult,套,NA
自己 把 它 收 起来,60,adult,收,NA
把 门 关 起来 了,60,adult,关, 了
嗯 里面 有 人 来 了 就 把 它 关 起来 了,60,child,关, 了 就 把 它 关 起来 了
关 起来 好嘞,60,child,关, 好嘞
你 搭 一 个 小 花 起来 好 嘛,60,adult,花, 好 嘛
锁 起来,60,adult,锁,NA
站 起来,60,adult,站,NA
连 起来 的 是 短的,60,adult,连, 的 是 短的
把 这 两 个 拼 起来,66,adult,拼,NA
我们 把 这 个 收 起来 吧,66,adult,收, 吧
收 起来 玩 这 个 啊,66,adult,收, 玩 这 个 啊
这 个 图 我们 也 收 起来 啊,66,adult,收, 啊
盖子 盖 起来,66,adult,盖,NA
你 把 机器人 装 起来 吧,66,adult,装, 吧
都 跳 起来 了,60,adult,跳, 了
把 这些 收 起来,61,adult,收,NA
收 起来,66,adult,收,NA
把 它 收 起来,60,adult,收,NA
不 要 我 你 搭 不 起来,66,adult,搭,NA
放 起来,66,adult,放,NA
她 笑 起来 了,66,child,笑, 了
盖子 盖 起来,60,adult,盖,NA
搭 不 起来,66,child,搭,NA
妈妈 帮 我 把 这 个 竖 起来,66,child,竖,NA
收 起来 吧,66,child,收, 吧
折 起来,60,child,折,NA
去 把 那个 盖子 盖 起来,60,adult,盖,NA
它们 在 床 上 就 跳 起来,66,adult,跳,NA
妈 我 这样 子 举 起来 的,60,child,举, 的
你 为什么 放 起来 啊,66,adult,放, 啊
白 鹅 妈妈 刚 走 小 星星 又 哼哼唧唧 地 哭 起来,66,adult,哭,NA
然后 就 哼哼唧唧 的 哭 起来 了,60,adult,哭, 了
但是 画 不 起来,60,child,画,NA
你 变 起来 是 这 个 样,66,adult,变, 是 这 个 样
又 跳 起来 了,66,adult,跳, 了
把 这些 都 放 起来,66,adult,放,NA
噢 拼 起来 的,66,adult,拼, 的
就 起来 玩 了,60,child,就, 玩 了
把 那个 拣 起来,66,adult,拣,NA
把 那个 拣 起来,66,adult,拣,NA
拎 起来,66,adult,拎,NA
东西 都 飞 起来 了,66,adult,飞, 了
把 这 收 起来,66,adult,收,NA
先 用 黑 笔 描 起来 是 啊,66,child,描, 是 啊
这 个 搭 不 起来,66,child,搭,NA
你 看 你 画 起来 一点 不 像 啊,66,adult,画, 一点 不 像 啊
小 星星 又 哼哼唧唧 的 哭 了 起来,60,adult,哭,NA
一会儿 你 搭 起来 的 时候 就 会 快 了,72,adult,搭, 的 时候 就 会 快 了
毛 一 重 就 全 包 起来,60,child,包,NA
然后 过 了 一 段 时间 它 就 会 热 起来 了,60,child,热, 了
连 起来,66,adult,连,NA
想 起来 了,66,child,想, 了
想 起来 了,66,adult,想, 了
放 起来 吧,66,adult,放, 吧
把 摞 起来 放,66,adult,摞, 放
站 起来 拍,66,adult,站, 拍
站 起来 拍,66,adult,站, 拍
妈妈 想 不 起来 了,66,adult,想, 了
刷 牙 刷 起来,66,child,刷,NA
三 张 拼 起来,66,child,拼,NA
两 个 三角形 拼 起来,72,adult,拼,NA
跳 起来,66,child,跳,NA
哎 又 在 上面 跳 起来 了 啦,66,adult,跳, 了 啦
早晨 起来 必须 做 什么 呢,66,adult,晨, 必须 做 什么 呢
把 这 个 收 起来,72,adult,收,NA
它 是 几 个 拼 起来 的 吧,72,adult,拼, 的 吧
它 是 搭 起来 的,72,child,搭, 的
拼 起来,72,adult,拼,NA
把 这 个 楼梯 抬 起来,72,adult,抬,NA
捡 起来,66,adult,捡,NA
想 不 想 把 这 个 搭 起来,72,adult,搭,NA
你 看 着 简单 做 起来 就 难 了,72,adult,做, 就 难 了
收 起来,66,adult,收,NA
自己 收 起来,66,adult,收,NA
把 这 个 拼 起来,72,child,拼,NA
把 这些 收 起来,66,adult,收,NA
自己 收 起来,66,adult,收,NA
嗯 这 个 样子 你 可能 画 不 起来 吧,66,adult,画, 吧
底 下面 的 圆形 补 起来,72,child,补,NA
拣 起来 啊,72,adult,拣, 啊
把 你 做 的 和 妈妈 做 的 连接 起来,72,adult,接,NA
往 上 翘 起来,66,adult,翘,NA
把 它 收 起来,72,adult,收,NA
变 不 起来,66,child,变,NA
这 个 画 不 起来 了,66,adult,画, 了
把 这 个 涂 起来 是 啊,72,adult,涂, 是 啊
画 不 起来 了,66,adult,画, 了
涂 起来,72,adult,涂,NA
怎么 变 不 起来 的,66,child,变, 的
一 个 爪子 也 动 不 起来,66,child,动,NA
怎么 会 一 个 爪子 也 动 不 起来 的,66,child,动, 的
你 自己 动 不 起来,66,adult,动,NA
三 个 蓝色 把 它 拿 起来,72,adult,拿,NA
你 早晨 起来 拿 毛巾 干 什么,66,adult,晨, 拿 毛巾 干 什么
画 完 了 把 笔 收 起来,72,adult,收,NA
把 笔 收 起来,72,adult,收,NA
皮皮鼠 吃 跳跳糖 他 就 跳 起来,72,child,跳,NA
要 把 它 收 起来 就 好嘞,66,adult,收, 就 好嘞
我们 把 它 收 起来,72,adult,收,NA
把 它 盖 起来,72,adult,盖,NA
好 你 把 它 搭 起来,72,adult,搭,NA
把 它 收 起来,72,adult,收,NA
搭 不 起来 怎么办 呢,72,child,搭, 怎么办 呢
搭 不 起来 了,72,child,搭, 了
盖 起来,72,adult,盖,NA
盖 起来,72,adult,盖,NA
搭 不 起来,72,child,搭,NA
你 把 底下 搭 起来,72,adult,搭,NA
用 颜色 涂 起来 啊,72,adult,涂, 啊
小 星星 它 掉 在 大 街 上 东张张西望望 然后 就 呜 呜 哭 了 起来,72,adult,哭,NA
这 个 放 不 起来 怎么 办 呢,72,child,放, 怎么 办 呢
这 个 球 能 不 能 拍 起来,72,adult,拍,NA
拍 不 起来,72,child,拍,NA
这 个 小 球 你 能 不 能 拍 起来,72,adult,拍,NA
因为 它 飞 不 起来,72,child,飞,NA
飞 不 起来,72,adult,飞,NA
为什么 飞 不 起来,72,adult,飞,NA
头 能 不 能 抬 起来 一 下,66,adult,抬, 一 下
踢 起来 了,72,adult,踢, 了
头 抬 起来,66,adult,抬,NA
你 先 合 起来,72,child,合,NA
好 这样子 这样子 翘 起来,72,adult,翘,NA
图形 是 拼 不 起来,72,adult,拼,NA
又 吃 跳跳糖 又 跳 起来 跳 起来,72,child,跳, 跳 起来
他们 在 衣柜 上面 跳 起来 乒乒乓乓 的,72,adult,跳, 乒乒乓乓 的
皮皮鼠 爸爸 妈妈 一 走 就 全部 跳 起来 喽,66,adult,跳, 喽
爸爸 妈妈 一 走 他们 就 乱 玩 起来 了,66,adult,玩, 了
还是 没 能 把 这 个 竖 起来,72,adult,竖,NA
我们 把 它 收 起来 吧,72,adult,收, 吧
能 站 起来 啊,72,adult,站, 啊
把 裙子 拎 起来,72,child,拎,NA
拎 不 起来 在 这边,72,adult,拎, 在 这边
可以 合 起来 的,72,child,合, 的
这 个 本来 拿 可以 起来,72,child,以, 拿 可以 起来
爸爸 妈妈 一 走 四 只 皮皮鼠 起来 忍 不 住 起来 吃 跳跳糖 啰,72,adult,鼠, 忍 不 住 起来 吃 跳跳糖 啰
他们 等 爸爸 妈妈 一 走 忍 不 住 起来 吃 跳跳糖,72,adult,住, 吃 跳跳糖
把 它 拼 起来,72,adult,拼,NA
梯形 之间 用 一 个 什么 拼 起来 啊,72,adult,拼, 啊
翘 起来 像 个 小 尾巴,72,child,翘, 像 个 小 尾巴
他 这儿 用 蝴蝶结 系 起来 了,72,child,系, 了
用 蝴蝶结 系 起来 了,72,adult,系, 了
又 在 衣橱 上面 砰砰砰砰 乱跳 起来,66,adult,跳,NA
这 个 颜色 涂 的 糊 起来 了,72,adult,糊, 了
那 我 把 剩下 颜色 涂 起来 啊,72,child,涂, 啊
收 起来,72,adult,收,NA
收 起来,72,adult,收,NA
收 起来,72,adult,收,NA
掉 下来 的 东西 要 收 起来,72,adult,收, 的 东西 要 收 起来
自己 把 它 收 起来,72,adult,收,NA
拿 几 块 先 拼 起来,72,adult,拼,NA
把 它 弄 起来,72,adult,弄,NA
并 起来 没 有 空隙,72,adult,并, 没 有 空隙
一会儿 拼 起来 没 有 空隙 了,72,adult,拼, 没 有 空隙 了
他们 在 柜子 上面 又 乒乓乒乓 地 乱跳 起来 了,72,adult,跳, 了
它 东张张西望望 然后 就 哼哼 地 哭 起来 了,72,adult,哭, 了
把 它 拼 起来,72,adult,拼,NA
拼 起来,72,adult,拼,NA
那 把 它们 放 起来,72,adult,放,NA
老师 一 走 你 就 跟 大家 讲话 起来 了 还是 啊,72,adult,话, 了 还是 啊
把 这 个 收 起来 啊,72,adult,收, 啊
先 收 起来,72,adult,收,NA
又 吃 了 跳跳糖 就 跳 起来 了,72,child,跳, 了
起来,72,adult,NA,NA
把 东西 收 起来,72,adult,收,NA
白 鹅 妈妈 走 了 小 星星 又 哼哼唧唧 地 哭 了 起来,72,adult,哭,NA
我 觉得 有 一 个 机关 可以 发动 起来 的,72,child,动, 的
它 又 吃 了 跳跳糖 跳 起来 了,72,child,跳, 了
又 爬 起来 了,72,child,爬, 了
它们 在 上面 跳 啊 跳 啊 跳 起来 乱蹦 乱跳,72,adult,跳, 乱蹦 乱跳
爸爸 妈妈 一 走 你 就 在 床 上 跳 起来 了 对 不 对,72,adult,跳, 了 对 不 对
站 起来,72,adult,站,NA
眼睛 闭 起来 许 个 愿,72,adult,闭, 许 个 愿
可是 爸爸 妈妈 一 走 三 只 皮皮鼠 又 跳 起来 了 在 地 上 乱跳 了 把 东西 都 摔 下去 了,72,adult,跳, 了 在 地 上 乱跳 了 把 东西 都 摔 下去 了
这 怎么 变 不 起来 的 呢,72,child,变, 的 呢
我 把 它 收 起来,72,child,收,NA
好 把 它 收 起来,72,adult,收,NA
你 怎么 又 玩 起来 了,72,adult,玩, 了
嗯 我 要 把 它 收 起来,72,child,收,NA
好 关 起来,72,adult,关,NA
爸爸 妈妈 又 说 噫 什么 声音 又 想 起来 真 奇怪,72,adult,想, 真 奇怪
我们 看 一 下 再 把 它 收 起来 好吗,72,adult,收, 好吗
拍 着 玩 不 起来 那 就 滚 着 玩,72,adult,玩, 那 就 滚 着 玩
又 跳 起来 了,72,adult,跳, 了
喏 又 开始 皮 起来 了,72,adult,皮, 了
可是 妈妈 刚 闭 眼睛 刚 睡 一会儿 这 小 老鼠 又 跑 到 浴缸 皮 起来 了,72,adult,皮, 了
哎 你 看 这 个 花瓣 怎么 尖 起来 啦,72,adult,尖, 啦
你 看 过 花瓣 尖 起来 的 吗,72,adult,尖, 的 吗
二 应该 用 个 小 括号 括 起来,72,adult,括,NA
你 看 我们 都 是 用 小 括号 括 起来,72,adult,括,NA
